product_number,winetype,name
405357,punaviinit,Achaval Ferrer Finca Mirador
462067,punaviinit,Achaval Ferrer Quimera
440567,punaviinit,Alamos Malbec
424107,punaviinit,Alamos Tempranillo
451687,punaviinit,Argento Seleccion Malbec
454597,punaviinit,BenMarco Expresivo
430097,punaviinit,Bodega Piedra Negra Merlot Reserve
004551,punaviinit,Caballo de Mendoza
445518,punaviinit,Caballo de Mendoza  hanapa
487307,punaviinit,Cameleon Organic Cabernet Sauvignon
404038,punaviinit,Cameleon Organic Malbec 2014 hanapa
488437,punaviinit,Catena Zapata Malbec Argentino
434697,punaviinit,Catena Zapata Malbec Nicasia Vineyard
450517,punaviinit,Domaine Bousquet Reserve Organic Malbec
425998,punaviinit,Caballo de Mendoza  hanapakkaus
456707,punaviinit,Espíritu de Argentina Shiraz Malbec  hanapakkaus
006504,punaviinit,Passento  kartonkitölkki
006404,punaviinit,Tandarra
481217,punaviinit,Badgers Creek Shiraz Cabernet  hanapakkaus
431608,punaviinit,No Name  kartonkitölkki
469428,punaviinit,Quay Landing Shiraz  hanapakkaus
431787,punaviinit,Woodie
480007,punaviinit,Melnik 13
446877,punaviinit,Espíritu de Chile Cabernet Carmenère  hanapakkaus
459247,punaviinit,Fortuna  muovipullo
493017,punaviinit,Gato Negro Cabernet Sauvignon Shiraz  kartonkitölkki
460107,punaviinit,Luna Negra Merlot  hanapakkaus
430377,punaviinit,Pato Amado
466907,punaviinit,Pato Amado  muovipullo
446297,punaviinit,Rojo Reserva  kartonkitölkki
459657,punaviinit,Serenata Cabernet Sauvignon
445147,punaviinit,Tarapacá Cabernet Sauvignon Merlot  hanapakkaus
464277,punaviinit,¿Que Pasa? Organico Tempranillo
432417,punaviinit,Cerro Tinto Tempranillo Shiraz  kartonkitölkki
442377,punaviinit,El Tiempo Tinto
498328,punaviinit,Hannibal
405507,punaviinit,Huttunen Punaviini  kartonkitölkki
468278,punaviinit,Los Llanos Red Wine  hanapakkaus
489507,punaviinit,Icono Selección Especial  hanapakkaus
489508,punaviinit,Los Monteros Tinto  hanapakkaus
458717,punaviinit,Palacio del Conde Tempranillo  hanapakkaus
485958,punaviinit,Festivo  kartonkitölkki
444907,punaviinit,Namaqua  hanapakkaus
006871,punaviinit,Rain Dance Shiraz-Ruby Cabernet  hanapakkaus
405047,punaviinit,Stony Cape Cinsault Ruby Cabernet  hanapakkaus
452018,punaviinit,Ciao Organic Sangiovese  kartonkitölkki
437977,punaviinit,Mezzomondo Negroamaro  hanapakkaus
412307,punaviinit,Passimo
498187,punaviinit,Il Papavero Rosso
006573,punaviinit,Lambrusco Grasparossa di Castelvetro Amabile il Fojonco
454497,punaviinit,Trivento Reserve Malbec
485697,punaviinit,Trivento Shiraz-Malbec
407277,punaviinit,Trivento Tribu Malbec
476397,punaviinit,Viento Latino Merlot Malbec
479198,punaviinit,Viento Latino Merlot Malbec 2014 hanapa
474738,punaviinit,Viña Condor Malbec Shiraz 2014 kartonkit
431567,punaviinit,Zuccardi Q Cabernet Sauvignon
444787,punaviinit,Zuccardi Zeta
427857,punaviinit,Tilimuqui Single Vineyard Cabernet Sauvignon Bonarda
408317,punaviinit,Trapiche Zaphy Malbec Syrah Cabernet Sauvignon
413868,punaviinit,Trapiche Zaphy Selección Especial 2014 kartonkit
406577,punaviinit,Bodega Noemía J. Alberto Malbec
416797,punaviinit,Del Fin del Mundo Pinot Noir Reserva
485797,punaviinit,Amalaya
498657,punaviinit,Don David Malbec Reserve
478137,punaviinit,Michel Torino Cuma Organic Malbec
447727,punaviinit,Alma Mora Shiraz-Malbec
432277,punaviinit,Finca Las Moras Black Label Malbec
439887,punaviinit,Finca Las Moras Organic Malbec
403017,punaviinit,Finca Las Moras Reserva Sangiovese
453157,punaviinit,Graffigna Malbec
425858,punaviinit,Las Moras Organic Shiraz 2014 hanapa
469387,punaviinit,Trapiche Organic Cabernet Sauvignon Syrah
438238,punaviinit,Passento  kartonkitölkki
443347,punaviinit,Angove Warboys Vineyard Grenache
449687,punaviinit,Benchmark Cabernet Sauvignon
437237,punaviinit,County Clare na Trí Cláir Malbec
482977,punaviinit,Gemstone Petit Verdot
494418,punaviinit,Grand Barossa Shiraz 2013 hanapa
402197,punaviinit,Grange 
488837,punaviinit,Hand Crafted By Geoff Hardy Shiraz
445347,punaviinit,Henschke Mount Edelstone Shiraz
448047,punaviinit,Hewitson Baby Bush Mourvèdre
476347,punaviinit,Hewitson Le Secateur
469367,punaviinit,Hewitson Miss Harry
487837,punaviinit,Hugh Hamilton The Villain Cabernet Sauvignon
466187,punaviinit,Inkwell Shiraz
447157,punaviinit,Jim Barry The Lodge Hill Shiraz
411387,punaviinit,Katnook Estate Cabernet Sauvignon
459627,punaviinit,Kilikanoon Attunga 1865 Clare Valley Shiraz
425657,punaviinit,McGuigan Bin 3000 Merlot
441177,punaviinit,Penfolds Bin 150 Marananga Shiraz
424537,punaviinit,Penfolds Bin 707 Cabernet Sauvignon
491137,punaviinit,Penfolds Grange 
455607,punaviinit,Penfolds Kalimna Bin 28 Shiraz
006386,punaviinit,Penfolds Koonunga Hill Shiraz Cabernet
463864,punaviinit,Penfolds Koonunga Hill Shiraz Cabernet Sauvignon
442837,punaviinit,Peter Lehmann Barossa Shiraz
469737,punaviinit,Peter Lehmann Portrait Cabernet
454607,punaviinit,Rosemount GSM
006092,punaviinit,Rosemount Shiraz
461058,punaviinit,Sandbar Estate GSM 2013 viini
445877,punaviinit,Tandarra
499057,punaviinit,The Original M8
006294,punaviinit,Wolf Blass Yellow Label Cabernet Sauvignon
452157,punaviinit,Wynns Black Label Cabernet Sauvignon
463597,punaviinit,Yalumba Hand Picked Shiraz Viognier
409887,punaviinit,Yalumba Organic Shiraz
467907,punaviinit,Yalumba The Scribbler
467087,punaviinit,Yalumba Y Series Merlot
430947,punaviinit,Breathing Space Cabernet Sauvignon
429867,punaviinit,Plan B Shiraz
435577,punaviinit,Vasse Felix Cabernet Merlot
480828,punaviinit,Badgers Creek Shiraz Cabernet  hanapakkaus
444977,punaviinit,Banrock Station Cabernet Sauvignon
435748,punaviinit,Chill Out Smooth & Soft Cabernet Sauvignon 2014 hanapa
475798,punaviinit,De Bortoli DB Shiraz 2014 hanapa
444577,punaviinit,Hardys BIN 343 Cabernet Shiraz
457737,punaviinit,Hardys Crest Cabernet Shiraz Merlot
469507,punaviinit,Hardys Stamp Shiraz Cabernet
451657,punaviinit,Hardys VR Cabernet Sauvignon
440148,punaviinit,Hardys VR Shiraz 2014 hanapa
403317,punaviinit,Hidden Rock Shiraz 2014 muovi
404338,punaviinit,Hidden Rock Shiraz 2014 viini
449867,punaviinit,Jacob's Creek Grenache Shiraz
004985,punaviinit,Jacob's Creek Merlot
474877,punaviinit,Jacob's Creek Pinot Noir
006201,punaviinit,Jacob's Creek Shiraz Cabernet
457018,punaviinit,Kangaroo Ridge Cabernet Sauvignon 2014 hanapa
006152,punaviinit,Lindeman's Bin 50 Shiraz
461528,punaviinit,Lindeman's Bin 50 Shiraz 2014 hanapa
432797,punaviinit,Lindeman's Bin 99 Pinot Noir
459407,punaviinit,Lindeman's Early Harvest Shiraz
468088,punaviinit,Lindeman's Shiraz-Cabernet 2014 hanapa
491248,punaviinit,No Name  kartonkitölkki
458147,punaviinit,Nugan Estate Durif
005424,punaviinit,Painter's Cove Shiraz Cabernet
454087,punaviinit,Pepper's Shiraz
496198,punaviinit,Quay Landing Shiraz  hanapakkaus
465357,punaviinit,Rawson's Retreat Shiraz Cabernet
465358,punaviinit,Rawson's Retreat Shiraz Cabernet 2014 hanapa
437737,punaviinit,Rosemount Shiraz Cabernet
449937,punaviinit,Wolf Blass Red Label Shiraz Cabernet
461027,punaviinit,Woodie
446827,punaviinit,Wyndham Estate Bin 555 Shiraz
458797,punaviinit,Yellow Tail Shiraz
445967,punaviinit,Block 50 Mourvèdre Grenache
400037,punaviinit,Grady Reserve Shiraz
433507,punaviinit,Logan Weemala Pinot Noir
469537,punaviinit,Rolling Shiraz Viognier
426157,punaviinit,Brown Brothers Everton
459497,punaviinit,Brown Brothers Shiraz
466267,punaviinit,Little Yering Pinot Noir
482247,punaviinit,Peninsula Panorama Pinot Noir
471107,punaviinit,Tempus Two Copper Series Shiraz
406837,punaviinit,Windy Peak Heathcote Shiraz
491727,punaviinit,Bio Mavrud & Rubin Organic
438347,punaviinit,Carpe Diem Merlot
007081,punaviinit,Melnik 13
403797,punaviinit,Maitén Reserva Cabernet Sauvignon
409717,punaviinit,Von Siebenthal Toknar
472367,punaviinit,Gracia de Chile Malbec
438117,punaviinit,Llai Llai Pinot Noir
441867,punaviinit,Casillero del Diablo Pinot Noir
497507,punaviinit,Montes Alpha Pinot Noir
443697,punaviinit,Montes Limited Selection Pinot Noir
455377,punaviinit,Castillo de Molina Pinot Noir Reserva
469248,punaviinit,Castillo de Molina Reserva Pinot Noir 2013 hanapa
484317,punaviinit,La Fortuna Malbec
438847,punaviinit,Santiago 1541 Gran Reserva Cabernet Sauvignon Syrah Malbec
493367,punaviinit,Maycas del Limari Reserva Especial Pinot Noir
494397,punaviinit,Prologo Reserva Syrah
493547,punaviinit,1865 Single Vineyard Cabernet Sauvignon
474247,punaviinit,Almaviva
458627,punaviinit,Alto de Tajamar
437937,punaviinit,Cono Sur Reserva Especial Cabernet Sauvignon
459827,punaviinit,Cousiño-Macul Antiguas Reservas Cabernet Sauvignon
403137,punaviinit,Gravas del Maipo Syrah
403477,punaviinit,Llai Llai Grenache
498987,punaviinit,Nativa Terra Reserva Cabernet Sauvignon
453187,punaviinit,Porta Reserva Carménère
433567,punaviinit,Santa Helena Unoaked Shiraz
420157,punaviinit,Tarapacá +Plus Organic Red Blend
005415,punaviinit,Tarapacá La Cuesta Cabernet Sauvignon Syrah
005545,punaviinit,Trio Cabernet Sauvignon Cabernet Franc Shiraz Reserva
414687,punaviinit,Viña Maipo Reserva Vitral Cabernet Sauvignon
005806,punaviinit,Viña Tarapacá Gran Reserva Cabernet Sauvignon
492987,punaviinit,Viñedo Chadwick
436257,punaviinit,Yali Wetland Reserva Syrah
498517,punaviinit,250 Reserva Syrah
417387,punaviinit,Carta Vieja Limited Release Malbec
460537,punaviinit,Conde de Superunda
425877,punaviinit,Indómita Gran Reserva Carignan
438407,punaviinit,Santa Rita 120 Organic
459277,punaviinit,35 South Organic Cabernet-Carmenère-Merlot
006206,punaviinit,Casillero del Diablo Cabernet Sauvignon Reserva
466647,punaviinit,Cono Sur Bicicleta Pinot Noir
006661,punaviinit,Cono Sur Tocornal Cabernet Sauvignon
466618,punaviinit,Cono Sur Tocornal Cabernet Sauvignon 2013 hanapa
434557,punaviinit,Cono Sur Tocornal Syrah Cabernet Sauvignon
482938,punaviinit,El Condor Organic Cabernet Shiraz 2013 hanapa
455637,punaviinit,Escudo Rojo
425408,punaviinit,Espíritu de Chile Cabernet Carmenère  hanapakkaus
415557,punaviinit,Espíritu de Chile Shiraz Cabernet
479428,punaviinit,Fortuna  muovipullo
005551,punaviinit,Frontera Cabernet Sauvignon
455513,punaviinit,Frontera Cabernet Sauvignon
455518,punaviinit,Frontera Cabernet Sauvignon 2014 hanapa
006554,punaviinit,Gato Negro Cabernet Sauvignon
006556,punaviinit,Gato Negro Cabernet Sauvignon
005334,punaviinit,Gato Negro Cabernet Sauvignon 2014 hanapa
405698,punaviinit,Gato Negro Cabernet Sauvignon Shiraz  kartonkitölkki
006614,punaviinit,Gato Negro Merlot
475528,punaviinit,Gran Verano Cabernet Sauvignon 2014 kartonkit
463458,punaviinit,Isla Negra Cabernet Sauvignon Merlot 2013 hanapa
469937,punaviinit,La Vida Carmenère Cabernet Sauvignon
489768,punaviinit,Las Mulas Cabernet Sauvignon - Cabernet Franc 2013 hanapa
005386,punaviinit,Luna Negra Merlot  hanapakkaus
459158,punaviinit,Majo Cabernet Sauvignon 2014 hanapa
401557,punaviinit,Mayu Reserva Carménère
461937,punaviinit,MontGras Carmenère-Shiraz
441164,punaviinit,Pato Amado
441167,punaviinit,Pato Amado  muovipullo
440668,punaviinit,Rojo Reserva  kartonkitölkki
452948,punaviinit,Serenata Cabernet Sauvignon
006555,punaviinit,Tarapacá Cabernet Sauvignon Merlot  hanapakkaus
456478,punaviinit,¿Que Pasa? Organico Tempranillo
005753,punaviinit,Santa Helena Varietal Cabernet Sauvignon
005703,punaviinit,Santa Rita 120 Merlot
004096,punaviinit,Serenata Cabernet Sauvignon
434447,punaviinit,Sol de Chile Syrah Merlot
006203,punaviinit,Sunrise Cabernet Sauvignon
462038,punaviinit,Sunrise Cabernet Sauvignon 2014 hanapa
442107,punaviinit,Sunrise Carménère
005852,punaviinit,Sunrise Merlot
462558,punaviinit,Tarapacá Cabernet Sauvignon Merlot  hanapakkaus
462917,punaviinit,Tarapacá Cabernet Sauvignon Merlot
461914,punaviinit,Tarapacá Reserva Organic Syrah
006626,punaviinit,Tarapacá Santa Cecilia Cabernet Sauvignon
005611,punaviinit,Tarapacá Santa Cecilia Merlot
429128,punaviinit,Tarapacá Santa Cecilia Merlot Carmenère 2014 hanapa
005896,punaviinit,Torres Santa Digna Cabernet Sauvignon Reserve
005584,punaviinit,Undurraga Carménère
440587,punaviinit,Viña Maipo Cabernet Sauvignon
440588,punaviinit,Viña Maipo Cabernet Sauvignon 2014 hanapa
445787,punaviinit,Viña Maipo Pinot Noir
489947,punaviinit,Yali Wild Swan Syrah Cabernet
489107,punaviinit,Adobe Reserva Syrah Mourvedre Merlot
433617,punaviinit,Aliwen Reserva Cabernet Sauvignon Syrah
444177,punaviinit,Altaïr
412787,punaviinit,Arboleda Carmenère
006336,punaviinit,Caliterra Reserva Cabernet Sauvignon
442687,punaviinit,Caliterra Tributo Single Vineyard Syrah
476307,punaviinit,Canepa Finísimo Cabernet Sauvignon Malbec Syrah
402937,punaviinit,Canepa Novísimo Carmenere
470297,punaviinit,Carmín de Peumo Carmenere
454717,punaviinit,Casa Silva Carmenère Reserva
466207,punaviinit,Casillero del Diablo Reserva Shiraz
492387,punaviinit,Castillo de Molina Reserva Cabernet Sauvignon
492388,punaviinit,Castillo de Molina Reserva Cabernet Sauvignon 2013 hanapa
006966,punaviinit,Château Los Boldos Cabernet Sauvignon
459178,punaviinit,Earth Balance Merlot Cabernet Sauvignon Syrah 2013 viini
400357,punaviinit,Errázuriz Estate Series Shiraz
422827,punaviinit,Gamma Natura Merlot Syrah Petit Verdot
439087,punaviinit,Gracia de Chile Cabernet Sauvignon
458777,punaviinit,La Ronciere Reserva Merlot
005645,punaviinit,Las Casas del Toqui Cabernet Sauvignon Reserve
445487,punaviinit,Montes Alpha Cabernet Sauvignon
484817,punaviinit,Montes Alpha Carmenère
487967,punaviinit,Montes Alpha M
434987,punaviinit,Montes Alpha Syrah
441477,punaviinit,Montes Folly
405367,punaviinit,Montes Reserva Malbec
463417,punaviinit,Montes Twins
437787,punaviinit,MontGras Merlot Reserva
006213,punaviinit,Quinta Las Cabras Cabernet Sauvignon Merlot
440067,punaviinit,Rothschild Carmenère Reserva
005294,punaviinit,Santa Carolina Cabernet Sauvignon Reserva
006666,punaviinit,Santa Carolina Estrellas Cabernet Sauvignon
443067,punaviinit,Santa Helena 100+ Parras Viejas Cabernet Sauvignon
456497,punaviinit,Santa Helena Reserva Carmenère
004992,punaviinit,Santa Helena Selección del Directoria Gran Reserva Cabernet Sauvignon
428147,punaviinit,Santiago 1541 Syrah Cabernet Malbec
478377,punaviinit,Viña Maipo Reserva Vitral Cabernet Franc
438037,punaviinit,Yali Wetland Reserva Carménère
475537,punaviinit,Leyda Las Brisas Pinot Noir
405337,punaviinit,Leyda Single Vineyard Canelo Syrah
475097,punaviinit,Finca Terrerazo
447637,punaviinit,Don Mendo Gran Reserva
425267,punaviinit,La Miranda de Secastilla
495887,punaviinit,La Sastrería Garnacha
406174,punaviinit,Langa Trilogia
412157,punaviinit,Señorio de Ayud Organic Syrah - Garnacha
449247,punaviinit,Aalto
408807,punaviinit,Abadia Retuerta Pago Garduña Syrah
422667,punaviinit,Abadia Retuerta Pago Negralada Tempranillo
440094,punaviinit,Arrocal
458287,punaviinit,Briego Vendimia Seleccionada
464527,punaviinit,Campo Alegre
445557,punaviinit,Catania Crianza
407397,punaviinit,Durius Tempranillo
467507,punaviinit,Leo Martin Mencia
484107,punaviinit,Matsu El Picaro
005193,punaviinit,Prado Rey
465427,punaviinit,T Toro
450267,punaviinit,Tiempo Briego
429947,punaviinit,Val de los Frailes Vendimia Seleccionada
419107,punaviinit,Valpincia Reserva
401107,punaviinit,Vega-Sicilia 'Único'
447667,punaviinit,Viña Pedrosa Crianza
454307,punaviinit,Vinea Museum Tempranillo Crianza
479057,punaviinit,Ad Fines
407067,punaviinit,Camins del Priorat
448687,punaviinit,Clos Mogador
430407,punaviinit,Coma Vella
438727,punaviinit,Cor del País Crianza
401157,punaviinit,Freixenet Mia Tinto
450857,punaviinit,Nona Petit
439957,punaviinit,Perelada 5 Fincas Reserva 
415098,punaviinit,Raimat Abadía Cabernet Sauvignon Tempranillo 2012 hanapa
006864,punaviinit,Raimat Abadia Cabernet Sauvignon Tempranillo Crianza
468017,punaviinit,Raimat Castell de Raimat Merlot
007115,punaviinit,Raimat Castell de Raimat Tempranillo
471587,punaviinit,Savia Viva Familia Tempranillo
477357,punaviinit,Savia Viva Organic A Tinto
461307,punaviinit,Torres Coronas Tempranillo
006454,punaviinit,Torres Gran Coronas Cabernet Sauvignon Reserva
459938,punaviinit,Torres Gran Sangre de Toro Barrel Aged 2012 hanapa
463397,punaviinit,Torres Gran Sangre de Toro Reserva
449237,punaviinit,Torres Mas La Plana
006981,punaviinit,Torres Sangre de Toro
006982,punaviinit,Torres Sangre de Toro
439137,punaviinit,¿Que Pasa? Organico Tempranillo
454138,punaviinit,Cerro Tinto Tempranillo Shiraz  kartonkitölkki
470837,punaviinit,Dominio de Punctum Tempranillo
006856,punaviinit,Don Hugo Tempranillo
475797,punaviinit,Finca Constancia
486818,punaviinit,Lobetia Tempranillo Syrah 2013 kartonkit
458718,punaviinit,Morada Real Barrel Aged Tempranillo 2014 hanapa
454058,punaviinit,Osborne Solaz 2013 hanapa
442567,punaviinit,Pago del Vicario 50/50
468438,punaviinit,Piqueras Syrah-Monastrell 2014 hanapa
455467,punaviinit,Casa de la Ermita Crianza Organic
433916,punaviinit,El Tesoro Monastrell
458027,punaviinit,El Tesoro Monastrell Shiraz
484047,punaviinit,Chill Out Soft & Vibrant Merlot 2013 muovi
403167,punaviinit,El Collao Roble
004801,punaviinit,El Tiempo Tinto
482408,punaviinit,Evergreen Touch of Nature Monastrell Organic 2014 muovi
470537,punaviinit,Grego Garnacha Centenaria
004246,punaviinit,Hannibal
006036,punaviinit,Huttunen Punaviini  kartonkitölkki
449127,punaviinit,La Garnacha Salvaje del Moncayo
488477,punaviinit,Laudum Nature Barrica Monastrell Petit Verdot
457708,punaviinit,Los Llanos Red Wine  hanapakkaus
437367,punaviinit,Marqués de la Mancha
443978,punaviinit,Radio Boca Garnacha 2013 hanapa
459007,punaviinit,Viña Betola B Monastrell
422947,punaviinit,Ochoa Mil Gracias Graciano
457487,punaviinit,Piedemonte Reserva
007152,punaviinit,Barón de Ley Reserva
006941,punaviinit,Campo Viejo Crianza
006576,punaviinit,Campo Viejo Reserva
439687,punaviinit,Castroviejo Tempranillo
495337,punaviinit,Costalarbol
454907,punaviinit,Coto de Imaz Gran Reserva
484347,punaviinit,El Circulo Crianza
006691,punaviinit,El Coto Crianza
430457,punaviinit,Faustino Crianza
005423,punaviinit,Faustino I Gran Reserva
006826,punaviinit,Faustino V Reserva
006774,punaviinit,Faustino VII
470604,punaviinit,Glorioso Crianza
460277,punaviinit,Hacienda Valvarés Crianza
434807,punaviinit,Lan Gran Reserva
006855,punaviinit,Marqués de Arienzo Gran Reserva
006796,punaviinit,Marqués de Arienzo Reserva
006781,punaviinit,Marqués de Cáceres Crianza
005435,punaviinit,Marqués de Cáceres Reserva
006665,punaviinit,Marqués de la Concordia Crianza
007143,punaviinit,Marqués de Riscal Reserva
005152,punaviinit,Montecillo Crianza
449177,punaviinit,Muga Reserva
441117,punaviinit,QP
470362,punaviinit,Torres Ibéricos Crianza
005671,punaviinit,Castillo Murviedro Tempranillo
005656,punaviinit,Castillo Murviedro Tempranillo
479947,punaviinit,Murviedro Iris
489737,punaviinit,Santerra Syrah
006594,punaviinit,Don Opas
006242,punaviinit,Pata Negra Gran Reserva
005573,punaviinit,Señorío de los Llanos Crianza
006915,punaviinit,Señorío de los Llanos Gran Reserva
004996,punaviinit,Viña Albali Cabernet Sauvignon Reserva
462307,punaviinit,Viña Albali Crianza
005153,punaviinit,Viña Albali Gran Reserva
430158,punaviinit,Vinã Albali Gran Selección Tempranillo 2010 hanapa
005352,punaviinit,Viña Albali Reserva
006645,punaviinit,Viña Albali Reserva
467667,punaviinit,Viña Albali Tempranillo
423897,punaviinit,Casa l'Angel Syrah
007072,punaviinit,Castillo Montroy Reserva
470724,punaviinit,Castillo Montroy Reserva
006366,punaviinit,El Copero
436517,punaviinit,Icono Cabernet Sauvignon
480848,punaviinit,Icono Selección Especial  hanapakkaus
006812,punaviinit,Los Monteros Crianza
422548,punaviinit,Los Monteros Tinto  hanapakkaus
005315,punaviinit,Palacio del Conde Tempranillo  hanapakkaus
496777,punaviinit,Radio Boca Tempranillo
447367,punaviinit,Allesverloren Cabernet Sauvignon
436597,punaviinit,Allesverloren Tinta Barocca
463737,punaviinit,Baboon's Back Shiraz
485137,punaviinit,Babylon's Peak Shiraz Grenache
439447,punaviinit,Cape Zebra Cabernet Sauvignon Merlot
403217,punaviinit,Delheim Family Blend
494447,punaviinit,Earth Song Shiraz Mourvèdre
465677,punaviinit,Fairview Shiraz Sangiovese
407597,punaviinit,Kanonkop Kadette Pinotage
407357,punaviinit,KWV The Mentors Pinotage
473107,punaviinit,Lyngrove Reserve Shiraz Pinotage
495787,punaviinit,Ostrich Landing Shiraz
404794,punaviinit,Place in the Sun Cabernet Sauvignon Shiraz
441357,punaviinit,Rust En Vrede 1694
466017,punaviinit,Simonsig Shiraz
491287,punaviinit,Warwick Blue Lady Cabernet Sauvignon
005946,punaviinit,Zonnebloem Pinotage
460007,punaviinit,Bundustar Merlot
402267,punaviinit,Café Culture Coffee Mocha Pinotage
414347,punaviinit,De Krans Touriga Nacional
453747,punaviinit,Dimension Shiraz Malbec
433987,punaviinit,Drostdy-Hof Shiraz Merlot
442588,punaviinit,Expresso Mokka Pinotage 2014 viini
487538,punaviinit,Fairhills Shiraz 2014 hanapa
441798,punaviinit,Festivo  kartonkitölkki
436837,punaviinit,Footmark Pinotage
468758,punaviinit,Goue Vallei Shiraz Cabernet Sauvignon 2013 hanapa
487128,punaviinit,Juno Shiraz 2014 kartonkit
447067,punaviinit,Juno Shiraz Mourvèdre Viognier
466997,punaviinit,Kumala Cabernet Sauvignon-Shiraz
466998,punaviinit,Kumala Cabernet Sauvignon-Shiraz 2013 hanapa
451877,punaviinit,Kumala Merlot-Pinotage
005436,punaviinit,KWV Classic Collection Cabernet Sauvignon
006726,punaviinit,KWV Classic Collection Pinotage
449137,punaviinit,KWV Classic Collection Shiraz
482328,punaviinit,Namaqua  hanapakkaus
441848,punaviinit,Nederburg Shiraz Viognier 2014 hanapa
462387,punaviinit,Nederburg Winemaster's Reserve Edelrood
452407,punaviinit,Nederburg Winemaster's Reserve Shiraz
437128,punaviinit,Out of Africa Merlot 2014 hanapa
416738,punaviinit,Out of Africa Pinotage - Shiraz Organic 2014 hanapa
445018,punaviinit,Palesa Shiraz 2014 viini
420938,punaviinit,Rain Dance Shiraz-Ruby Cabernet  hanapakkaus
427528,punaviinit,Rijk's Private Cellar 2012 hanapa
468627,punaviinit,Roodeberg Red
407428,punaviinit,Sediba Merlot Shiraz 2014 viini
438178,punaviinit,Stony Cape Cinsault Ruby Cabernet  hanapakkaus
404128,punaviinit,Two Oceans Shiraz 2014 hanapa
434227,punaviinit,Two Oceans Soft & Fruity Red
421467,punaviinit,Ukulunga Shiraz
449187,punaviinit,Versus Red
465967,punaviinit,Zantsi The Luscious Red
426347,punaviinit,Tbilvino Mukuzani
418057,punaviinit,Collage Cabernet Sauvignon Petite Sirah
484037,punaviinit,Vigneti del Vulture Pipoli Aglianico
498278,punaviinit,Ciao Organic Sangiovese  kartonkitölkki
005986,punaviinit,Don Camillo Sangiovese
466887,punaviinit,Cefalicchio Rosso
432548,punaviinit,Doppio Passo Primitivo 2014 hanapa
482367,punaviinit,Feudi di San Marzano Primitivo
453988,punaviinit,Mezzomondo Negroamaro  hanapakkaus
441447,punaviinit,Nero Copertino Riserva
432687,punaviinit,Nero Negroamaro Cabernet Sauvignon
005155,punaviinit,Nero R Salice Salentino Riserva
006346,punaviinit,Pasqua Sangiovese
465507,punaviinit,Passimo
414747,punaviinit,San Marzano Vindoro
426127,punaviinit,MontePasso
406547,punaviinit,Il Papavero Rosso
453777,punaviinit,Lambrusco Grasparossa di Castelvetro Amabile il Fojonco
480367,punaviinit,Perticaia Montefalco Rosso
447757,punaviinit,Salvatore Molettieri Taurasi Renonno
473457,punaviinit,Villa Rajna Pinot Nero
493577,punaviinit,Borgogno Barolo Riserva
473157,punaviinit,Borgogno Barolo Riserva
474527,punaviinit,Borgogno Barolo Riserva
429877,punaviinit,Ciabot Mentin Barolo
482377,punaviinit,Conterno Fantino Barolo Vigna del Gris
428997,punaviinit,Fenocchio Barolo
454387,punaviinit,Fontanafredda Barolo La Villa
435677,punaviinit,Lo Zoccolaio Dolcetto d'Alba
476267,punaviinit,Luigi Einaudi Barolo Terlo
473427,punaviinit,Pajana Barolo
447377,punaviinit,Pio Cesare Barbera d'Alba
432087,punaviinit,Rovero Barbera d'Asti Sanpansè
470057,punaviinit,Terre da Vino Ansisa Barbera d'Alba
445857,punaviinit,Travaglini Gattinara
411517,punaviinit,Trifula
417687,punaviinit,Ugo Lequio Barbaresco Gallina
481737,punaviinit,Meloni Cannonau di Sardegna
466488,punaviinit,Barone Montalto Nero d'Avola Collezione di Famiglia Passivento  hanapa
422767,punaviinit,Canapi Shiraz
404157,punaviinit,Cortese Cerasuolo di Vittoria
447987,punaviinit,Duca di Camastra Nero d'Avola
483587,punaviinit,L'Auratae Nero d'Avola
472338,punaviinit,Maestro Italiano Nero d'Avola Syrah  hanapa
484097,punaviinit,Mont'Albano Organic Nero d'Avola
421287,punaviinit,Montalto Nero d´Avola Merlot 2014 muovi
457867,punaviinit,Montalto Nero d'Avola Passivento
453828,punaviinit,Montalto Syrah 2014 muovi
452207,punaviinit,Planeta Etna Rosso
451897,punaviinit,Terre di Ginestra Nero d'Avola
420007,punaviinit,Voga Italia Quattro
413387,punaviinit,Banfi Excelsus
443037,punaviinit,Borgo Salcetino Lucarello Riserva
449897,punaviinit,Brolio Chianti Classico
456127,punaviinit,Cabreo Il Borgo
485417,punaviinit,Caprili Brunello di Montalcino
433117,punaviinit,CastelGiocondo Brunello di Montalcino Riserva
005675,punaviinit,Castiglioni Chianti
461477,punaviinit,Farnito Camponibbio
465237,punaviinit,Fontella Chianti
478577,punaviinit,Frescobaldi Campo ai Sassi
005696,punaviinit,Frescobaldi Rèmole
486727,punaviinit,Gaja Camarcanda
418438,punaviinit,Il Caberlot
415107,punaviinit,Il Pietrello
407077,punaviinit,LaSelva Privo
493597,punaviinit,Le Macchiole Paleo
401477,punaviinit,Marchese Antinori Chianti Classico Riserva
006654,punaviinit,Nipozzano Riserva
400897,punaviinit,Pèppoli
482014,punaviinit,Piccini Chianti
452547,punaviinit,Poggio al Tufo Rompicollo
007011,punaviinit,Ruffino Chianti
442514,punaviinit,Ruffino Riserva Ducale
440197,punaviinit,Santa Cristina
497718,punaviinit,Signorelli Rosso Toscana 2011 hanapa
447947,punaviinit,Tre Rose La Villa
446927,punaviinit,Trerose Rosso di Montepulciano
426907,punaviinit,Tua Rita Giusto di Notri
405787,punaviinit,Tua Rita Redigaffi
487817,punaviinit,Valdifalco Morellino di Scansano
005943,punaviinit,Vernaiolo Chianti
424647,punaviinit,Vignamaggio Chianti Classico Gherardino
006861,punaviinit,Villa Antinori Rosso
468614,punaviinit,Villa Antinori Rosso
449567,punaviinit,Villa Cafaggio Chianti Classico
006382,punaviinit,Villa Puccini
005972,punaviinit,Cavit Sanvigilio Merlot
447037,punaviinit,Mezzacorona Teroldego Rotaliano Riserva
478047,punaviinit,Amarone Armigero
455007,punaviinit,Amarone della Valpolicella Classico I Castei
421637,punaviinit,Amarone della Valpolicella di Emilia
461227,punaviinit,Amorevole Amarone
469397,punaviinit,Antiche Terre Solo Passione Rosso
469398,punaviinit,Antiche Terre Solo Passione Rosso 2012 hanapa
400637,punaviinit,Appetitoso Due Passento
428737,punaviinit,Armigero Valpolicella Ripasso
483424,punaviinit,Bertani Amarone Villa Arvedi
449097,punaviinit,Bixio Amarone Classico della Valpolicella
453417,punaviinit,Campolieti Valpolicella Classico Superiore Ripasso
443817,punaviinit,Capitel San Rocco Ripasso
434797,punaviinit,Cecilia Beretta Valpolicella Superiore Ripasso
453884,punaviinit,Cesari Amarone della Valpolicella Classico
496007,punaviinit,Collina del Sole Ripasso Valpolicella Superiore
420787,punaviinit,Emilia Appetitoso
463987,punaviinit,Kairos
006004,punaviinit,Masi Bonacosta Valpolicella Classico
006364,punaviinit,Masi Campofiorin
455887,punaviinit,Masi Costasera Amarone Classico
005382,punaviinit,Masi Modello delle Venezie Rosso
006903,punaviinit,Pasqua Merlot
005384,punaviinit,Pasqua Sanzeno Cabernet Sauvignon & Merlot 2014 hanapa
006881,punaviinit,Pasqua Villa Borghetti Bardolino Classico
432027,punaviinit,Pasqua Villa Borghetti Valpolicella Classico
005832,punaviinit,Perlage Cabernet del Veneto
428697,punaviinit,Regolo
406937,punaviinit,Ripasso Arancione Originale
453767,punaviinit,Sartori RV
495037,punaviinit,Signorelli Valpolicella Ripasso Superiore
446477,punaviinit,Tommasi Amarone della Valpolicella Classico
434794,punaviinit,Tommasi Amarone della Valpolicella Classico
419467,punaviinit,Tommasi Crearo
448608,punaviinit,Tommasi Graticcio Appasionato 2013 hanapa
429567,punaviinit,Tommasi Ripasso Valpolicella
417847,punaviinit,Tommasi Valpolicella
480757,punaviinit,Verrocchio Amarone della Valpolicella Classico
456617,punaviinit,Verrocchio Valpolicella Superiore Ripasso
449957,punaviinit,Villa Anna Merlot
431777,punaviinit,Villalta Valpolicella Ripasso
471387,punaviinit,Vivaldi Passatempo
458517,punaviinit,Zenato Amarone della Valpolicella Classico
007122,punaviinit,Zenato Ripassa Valpolicella Superiore
450187,punaviinit,Zenato Valpolicella Superiore
475407,punaviinit,Zenato Veneto Rosso Parziale Appassimento
463937,punaviinit,Feiler-Artinger Zweigelt
426797,punaviinit,Gsellmann Gols Pinot Noir
437057,punaviinit,Hans Igler Pinot Noir Ried Fabian
452147,punaviinit,Heinrich Dorflagen Pinot Noir
407107,punaviinit,Loos Blaufränkisch
435777,punaviinit,Schneider Sankt Laurent
476017,punaviinit,Trapl Tilhofen
480817,punaviinit,Henry of Pelham Baco Noir Reserve
403177,punaviinit,ChangYu Cabernet Sauvignon
403397,punaviinit,Agathon Limnio Cabernet Sauvignon
409507,punaviinit,Gaía S Agiorgitiko Syrah
451447,punaviinit,Tsantali Nemea Réserve
420977,punaviinit,Vina Laguna Festigia Cabernet Sauvignon
490447,punaviinit,Château Ksara Reserve du Couvent
450587,punaviinit,Ezimit Vino Vranec Barrique
005375,punaviinit,Millcreek Merlot  hanapakkaus
411747,punaviinit,Mount Hermon Red
439068,punaviinit,2u Duas Uvas 2013 hanapa
419218,punaviinit,Atlântico 2014 muovi
473327,punaviinit,Cabeça de Toiro Reserva
477347,punaviinit,Carm
403117,punaviinit,Chryseia
005434,punaviinit,Dom Dinis Reserva Tinto
475497,punaviinit,Dona Ermelinda
445128,punaviinit,Drop In Red 2013 viini
470667,punaviinit,Esporão Reserva
005393,punaviinit,Fonte do Beco
489767,punaviinit,Penina Touriga National
481334,punaviinit,Porta dos Cavaleiros
436967,punaviinit,Portada
422137,punaviinit,Quinta da Espiga
488267,punaviinit,Quinta da Garrida Touriga Nacional
453977,punaviinit,Quinta das Setencostas
404977,punaviinit,Quinta do Crasto Touriga Nacional
497377,punaviinit,Quinta do Crasto Touriga Nacional
413767,punaviinit,Quinta do Vesuvio
407997,punaviinit,Quinta Vista Syrah Cabernet Sauvignon
401767,punaviinit,Sá de Baixo
403277,punaviinit,Tanquista Tinto
437647,punaviinit,Tyto alba
467657,punaviinit,Vadio Tinto
424557,punaviinit,Vale da Raposa Reserva
451757,punaviinit,Wolfberger La Louve Pinot Noir
446177,punaviinit,Alter Ego
455994,punaviinit,Château Batailley
497677,punaviinit,Château Batailley
005183,punaviinit,Château Bonnin Pichon
431847,punaviinit,Château Branaire-Ducru
498687,punaviinit,Château Cantenac Brown
468747,punaviinit,Château Carbonnieux
420657,punaviinit,Château Certan De May de Certan
005285,punaviinit,Château Chaubinet
005286,punaviinit,Château Chaubinet
488497,punaviinit,Château Clerc Milon
421707,punaviinit,Château d'Armailhac
446727,punaviinit,Château de Castres
005001,punaviinit,Château de Seguin
005406,punaviinit,Château de Seguin Cuvée Prestige
005242,punaviinit,Chateau du Pin
489537,punaviinit,Château Grange-Neuve
436247,punaviinit,Château Gruaud Larose
456927,punaviinit,Château Haut-Bages Monpelou
478527,punaviinit,Château Hosanna
441147,punaviinit,Château Latour
005503,punaviinit,Château Le Vieux Chantre
412657,punaviinit,Château Malartic-Lagravière
439297,punaviinit,Château Morillon
468767,punaviinit,Château Mouton Rothschild 
490877,punaviinit,Château Mouton Rothschild
469987,punaviinit,Château Palmer
401957,punaviinit,Château Providence
492047,punaviinit,Château Sénilhac
460167,punaviinit,Château Tayac Cuvée Nicolas
417667,punaviinit,Château Teyssier
005072,punaviinit,Château Timberlay
433287,punaviinit,Château Tour Peyronneau
449817,punaviinit,Château Trotanoy
471567,punaviinit,Château Valandraud
446657,punaviinit,Château Venus
455657,punaviinit,Goulée by Cos d'Estournel
485337,punaviinit,Goulée by Cos d'Estournel
487107,punaviinit,Gracia
425577,punaviinit,Le Carré
489727,punaviinit,Le Carré
493867,punaviinit,Le Dôme
431017,punaviinit,Le Petit Mouton de Mouton Rothschild
464177,punaviinit,Le Petit Mouton de Mouton Rothschild
471437,punaviinit,Les Asteries
446027,punaviinit,Les Astéries
485187,punaviinit,Les Astéries
451417,punaviinit,Louis Eschenauer Médoc
494667,punaviinit,Marojallia
005091,punaviinit,Mouton Cadet Rouge
005093,punaviinit,Pierredon
443627,punaviinit,Vieux Château Mazerat
475247,punaviinit,Vieux Château Mazerat
455817,punaviinit,Virginie de Valandraud
443137,punaviinit,Yvon Mau Saint-Emilion
498867,punaviinit,Albert Bichot Fixin
401667,punaviinit,Antonin Rodet Coteaux Bourguignons Pinot Noir
006102,punaviinit,Beaujolais-Villages Cuvée 3 Fleurs
006121,punaviinit,Bouchard Bourgogne Pinot Noir
005874,punaviinit,Bourgogne Pinot Noir Buisonnier
466167,punaviinit,Camille Giroud Beaune Aux Cras 1er Cru
401317,punaviinit,Camille Giroud Marsannay Les Longeroies
418657,punaviinit,Camille Giroud Vosne Romanée
468547,punaviinit,Cave de Lugny Pinot Noir
478257,punaviinit,Château de Mercey Maranges 1er Cru Les Clos Roussots
461457,punaviinit,Château des Poupets Juliénas
486147,punaviinit,Clos de Thorey Nuits-Saint-Georges Premier Cru Monopole
423667,punaviinit,Domaine de la Vougeraie Clos de Vougeot Grand Cru
447907,punaviinit,J. Moreau Beau-Monde Pinot Noir
446577,punaviinit,Jaffelin Beaune 1er Cru Les Cent Vignes
450254,punaviinit,Joseph Drouhin Givry
432037,punaviinit,Joseph Drouhin Moulin-à-Vent
423117,punaviinit,Joseph Drouhin Rully
006341,punaviinit,Jules Bernolin Beaujolais
483467,punaviinit,Latour-Giraud Pommard Cuvée Carmen
418397,punaviinit,Louis Jadot Pommard
481967,punaviinit,Marsannay La Morisotte
481637,punaviinit,Nuiton-Beaunoy Maranges
460527,punaviinit,Olivier Leflaive Volnay 1er Cru Mitans
451158,punaviinit,Tanquista Tinto
005714,punaviinit,Château Pech-Latt
420557,punaviinit,Gérard Bertrand Naturae Corbières
471857,punaviinit,Gérard Bertrand Naturalys Cabernet Merlot
409397,punaviinit,Gérard Bertrand Naturalys Syrah
477437,punaviinit,Gérard Bertrand Réserve Spéciale Pinot Noir-Grenache
476508,punaviinit,Greener Planet Cabernet Sauvignon 2012 muovi
489407,punaviinit,Hob Nob Cabernet Sauvignon
005312,punaviinit,J. P. Chenet Cabernet-Syrah 2012 hanapa
005741,punaviinit,J. P. Chenet Cabernet-Syrah
005704,punaviinit,J. P. Chenet Cabernet-Syrah
442868,punaviinit,J. P. Chenet Merlot 2012 hanapa
442867,punaviinit,J. P. Chenet Merlot
440177,punaviinit,J.P. Chenet Grenache Noir
450718,punaviinit,Le Cop Organic Syrah Grenache Merlot 2014 viini
455477,punaviinit,Le Grand Noir Cabernet Shiraz
444487,punaviinit,Les Carabènes Pinot Noir
431073,punaviinit,Mango Fango Grenache-Shiraz 2012 muovi
495257,punaviinit,Reserve Naturelle Prestige Syrah
448698,punaviinit,Roche Mazet Cabernet Sauvignon  hanapakkaus
444637,punaviinit,Rosière Syrah
471127,punaviinit,The Long Little Dog 2013 muovi
475447,punaviinit,Château de Fesles Cabernet Franc La Chapelle Vieilles Vignes
437127,punaviinit,Domaine de la Perrière Sacrilège Sancerre 
496597,punaviinit,Henri Bourgeois Sancerre Les Baronnes
439457,punaviinit,Château Haut-Monplaisir
443227,punaviinit,Duc de Larsan Madiran
409617,punaviinit,Douce Nature Organic Merlot 2013 muovi
423608,punaviinit,La Belle Angèle Cabernet Sauvignon 2013 hanapa
469057,punaviinit,Le Défi De Fontenil Lot. 05
445177,punaviinit,Le Défi De Fontenil Lot. 09
006031,punaviinit,Patriarche Héritage
456437,punaviinit,Chapoutier Belleruche Rouge
438287,punaviinit,Chapoutier Cornas Les Arènes
429967,punaviinit,Chapoutier Les Meysonniers
412927,punaviinit,Chapoutier Rasteau
457557,punaviinit,Château d'Aqueria Lirac
427417,punaviinit,Châteauneuf-du-Pape Domaine de Nalys Réserve
465837,punaviinit,Châteauneuf-du-Pape Domaine du Vieux Lazaret
006911,punaviinit,Châteauneuf-du-Pape Le Moulin Teyroud
434077,punaviinit,Domaine Notre Dame de Cousignac Parcelle Nord
452357,punaviinit,E. Guigal Hermitage
434587,punaviinit,Gabriel Meffre Châteauneuf-du-Pape Inné
460437,punaviinit,Gabriel Meffre Côte Rôtie Laurus
468327,punaviinit,Gérard Bertrand Naturalys
438737,punaviinit,Gigondas L'Hallali Grande Réserve
460267,punaviinit,Guigal Côtes du Rhône
458887,punaviinit,Jaboulet Parallèle 45
411327,punaviinit,Juliette Avril Châteauneuf-du-Pape
459817,punaviinit,La Ciboise
451257,punaviinit,La Vieille Ferme Rouge
443154,punaviinit,Ogier Côtes du Rhône Gentilhomme
455578,punaviinit,Ogier Côtes du Rhône La Promesse Rouge 2013 hanapa
005755,punaviinit,Ogier Heritages Les Moniales Côtes du Rhône Villages
450987,punaviinit,Vallis Queyras Grenache Syrah
481357,punaviinit,Floare de Luna Feteasca Neagra
457287,punaviinit,August Kesseler N Pinot Noir
424177,punaviinit,Becker Family Pinot Noir
451467,punaviinit,Black Tower Dornfelder Pinot Noir
440147,punaviinit,Freiherr von Göler Spätburgunder Trocken
404137,punaviinit,Münzberg Spätburgunder Trocken
479717,punaviinit,Valéria Dôle de Sion
474767,punaviinit,Bock Ermitage
481867,punaviinit,J & J Eger Kékfrankos
477227,punaviinit,Lelkibéke
442627,punaviinit,Magyar Édes Vörös Bor
433137,punaviinit,Garzón Tannat
461597,punaviinit,Bel Echo Pinot Noir by Clos Henri
466047,punaviinit,Brancott Estate South Island Pinot Noir
452477,punaviinit,Jackson Estate Vintage Widow Pinot Noir
446327,punaviinit,Lake Hayes Pinot Noir
466327,punaviinit,Matua Marlborough Pinot Noir
437164,punaviinit,Sileni Cellar Selection Pinot Noir
415527,punaviinit,Squawking Magpie The Nest Gimblett Gravels Merlot Cabernets
408487,punaviinit,Te Kairanga Runholder Pinot Noir
417607,punaviinit,Waipara Hills Central Otago Pinot Noir
451697,punaviinit,Barefoot Shiraz
459527,punaviinit,Bearflag Dark Red Wine Blend
447697,punaviinit,Beringer Cabernet Sauvignon
459707,punaviinit,Beringer Clear Lake Zinfandel
005795,punaviinit,Beringer Founder's Estate Merlot
428057,punaviinit,Beringer Private Reserve Cabernet Sauvignon
497137,punaviinit,Beringer Private Reserve Cabernet Sauvignon
457467,punaviinit,Bogle Cabernet Sauvignon
006955,punaviinit,Carlo Rossi California Red
425297,punaviinit,Chill Out Dark & Generous Shiraz 2013 muovi
478717,punaviinit,Concannon Livermore Petite Sirah
446607,punaviinit,Dancing Bull Zinfandel
497788,punaviinit,FlipFlop Californian Red 2013 kartonkit
439657,punaviinit,Fog Head Reserve Pinot Noir
469318,punaviinit,Gallo Family Vineyards Cabernet Sauvignon 2013 hanapa
006944,punaviinit,Gallo Family Vineyards Zinfandel
405157,punaviinit,Gnarly Head Old Vine Zin
480907,punaviinit,Hahn GSM
479657,punaviinit,Hahn Pinot Noir
471947,punaviinit,Hess Allomi Cabernet Sauvignon
409157,punaviinit,Marlo Cabernet Sauvignon
484797,punaviinit,Obsession Red
489457,punaviinit,Opus One
423877,punaviinit,Paul Dolan Potter Valley Pinot Noir
465458,punaviinit,Paul Masson California Red  hanapakkaus
441467,punaviinit,Ridge Estate Cabernet Sauvignon
426857,punaviinit,Ridge Geyserville
471727,punaviinit,Ridge Monte Bello
419457,punaviinit,Robert Mondavi Reserve Cabernet Sauvignon
492337,punaviinit,SCV Freestone Hills Pinot Noir
434347,punaviinit,Seghesio Cortina Zinfandel
454834,punaviinit,Seghesio Sonoma Zinfandel
469407,punaviinit,Stag's Leap Wine Cellars Artemis Cabernet Sauvignon
424787,punaviinit,Stag's Leap Wine Cellars Cask 23 Cabernet Sauvignon
477917,punaviinit,Stag's Leap Wine Cellars S.L.V. Cabernet Sauvignon
455397,punaviinit,Boedecker Cellars Oregon Pinot Noir
405797,punaviinit,Chateau Ste Michelle Syrah
433247,punaviinit,Columbia Crest Two Vines Cabernet Sauvignon
499727,punaviinit,K Vintners The Deal Syrah
495197,punaviinit,K Vintners The Hidden Syrah
484427,punaviinit,Seven Falls Merlot
464147,roseeviinit,Santa Ana Organic Shiraz Rosé
404967,roseeviinit,Chapoutier Tournon Mathilda Rosé
447297,roseeviinit,Princess Butterfly Moscato
461497,roseeviinit,Casa Rivas Rosé
499267,roseeviinit,Terra Andina Lovely Rosé
007142,roseeviinit,Torres Santa Digna Cabernet Sauvignon Rosé
004696,roseeviinit,El Tiempo Rosado
473218,roseeviinit,El Tiempo Tempranillo Rosado 2014 kartonkit
007123,roseeviinit,Peñascal Rosado
424564,roseeviinit,Terra Càlida Rosé
473127,roseeviinit,Thandi Shiraz Rosé
472478,roseeviinit,Two Oceans Shiraz Rosé 2014 hanapa
484487,roseeviinit,Ca'di Rajo Rose Frizzante
443107,roseeviinit,Gabbiano Rosé
486487,roseeviinit,Tommasi Chiaretto Rosé
426064,roseeviinit,Biokult Organic Zweigelt Rosé
436157,roseeviinit,Stadlmann Rosé St.Laurent
438107,roseeviinit,JP Azeitão Rosé
007161,roseeviinit,Mateus Rosé
422687,roseeviinit,Bandol Rosé
436317,roseeviinit,Barton & Guestier Rosé
487637,roseeviinit,Château d'Aqueria Tavel Rosé
483277,roseeviinit,Fortant de France Merlot Rosé
407887,roseeviinit,Joseph Mellot Sancerre Le Rabault Rosé
487417,roseeviinit,MJ Janeil Rosé
475057,roseeviinit,Pierre & Paul Coteaux d'Aix en Provence Organic
007131,roseeviinit,Rémy Pannier Rosé d'Anjou
485368,roseeviinit,Rosé Chantal  hanapakkaus
421937,roseeviinit,Rosé de Loire
487267,roseeviinit,Deep Roots Rosé
498208,roseeviinit,Barefoot White Zinfandel  hanapakkaus
412697,roseeviinit,Beringer Zinfandel Rosé
008175,roseeviinit,Carlo Rossi California Rosé
570287,valkoviinit,Alamos Chardonnay
565407,valkoviinit,El Bar Argentino Viognier Chardonnay Chenin Blanc
519918,valkoviinit,Fuzion Chardonnay 2014 kartonkit
596898,valkoviinit,Fuzion Chenin Torrontes 2014 hanapa
509297,valkoviinit,Luca G Lot Chardonnay
531787,valkoviinit,Norton Sauvignon Blanc Cosecha Tardía
571237,valkoviinit,Santa Julia Organica Viognier
531137,valkoviinit,Tilia Pinot Grigio
500347,valkoviinit,Trapiche Sauvignon Blanc
507277,valkoviinit,Trapiche Septiembre Blanco
007812,valkoviinit,Trivento Chardonnay
558577,valkoviinit,Urban Uco Sauvignon Blanc
576347,valkoviinit,El Condor Torrontes Chardonnay
590267,valkoviinit,Amalaya Blanco Dulce de Corte
557677,valkoviinit,Yellow Tail Pinot Grigio
561327,valkoviinit,Four o'Clock Chardonnay
506792,valkoviinit,Oxford Landing Sauvignon Blanc
586257,valkoviinit,Penfolds Bin 311 Chardonnay
556267,valkoviinit,Penfolds Bin 51 Riesling
007963,valkoviinit,Penfolds Koonunga Hill Chardonnay
577377,valkoviinit,The Hermit Crab Viognier Marsanne
525157,valkoviinit,Wolf Blass White Label Chardonnay
578567,valkoviinit,Wolf Blass Yellow Label Chardonnay
510047,valkoviinit,Wolf Blass Yellow Label Riesling
516847,valkoviinit,Yalumba Eden Valley Viognier
580607,valkoviinit,Yalumba Y Series Barossa Riesling
517227,valkoviinit,Yalumba Y Series Pinot Grigio
558417,valkoviinit,Ferngrove Diamond Chardonnay
549557,valkoviinit,Plan B Sauvignon Blanc
596907,valkoviinit,You, me and the gatepost Chardonnay Viognier
560457,valkoviinit,Blue Pompano  muovipullo
580207,valkoviinit,Brown Brothers Dry Muscat
551978,valkoviinit,Chill Out Fresh & Fruity 2014 hanapa
592427,valkoviinit,Chill Out Fresh & Fruity Chardonnay 2014 muovi
514247,valkoviinit,Curious Chardonnay Sauvignon Blanc
564497,valkoviinit,De Bortoli DB Gewürztraminer Riesling
571287,valkoviinit,Hardys Bin 141 Colombard Chardonnay
589177,valkoviinit,Hardys Stamp Chardonnay Semillon
568237,valkoviinit,Hardys VR Chardonnay
568238,valkoviinit,Hardys VR Chardonnay 2014 hanapa
008164,valkoviinit,Jacob's Creek Classic Chardonnay
538778,valkoviinit,Jacob's Creek Earth Vine Grape Chardonnay 2014 hanapa
587757,valkoviinit,Jacob's Creek Riesling
007764,valkoviinit,Jacob's Creek Semillon Chardonnay
595998,valkoviinit,Kangaroo Ridge Semillon Chardonnay 2014 hanapa
006006,valkoviinit,Lindemans Bin 65 Chardonnay
535947,valkoviinit,Lindemans Early Harvest Semillon Sauvignon Blanc
547607,valkoviinit,Logan Weemala Riesling
582497,valkoviinit,McGuigan Black Label Moscato
008125,valkoviinit,Rawson's Retreat Riesling
585757,valkoviinit,Rosemount GTR
006603,valkoviinit,Wood Ridge Fruity White
008136,valkoviinit,Ninth Island Sauvignon Blanc
573077,valkoviinit,McGuigan Bin 9000 Semillon
588337,valkoviinit,Leva Chardonnay Muscat
582197,valkoviinit,Cono Sur Bicicleta Riesling
519237,valkoviinit,Cono Sur Bicicleta Riesling Gewürztraminer Viognier
578227,valkoviinit,Cono Sur Single Vineyard Block 23 Riesling
008313,valkoviinit,Caliterra Reserva Chardonnay
576107,valkoviinit,Castillo de Molina Reserva Chardonnay
577167,valkoviinit,Cono Sur Reserva Especial Chardonnay
538687,valkoviinit,Cono Sur Single Vineyard Block 5 Chardonnay
561777,valkoviinit,Emiliana Signos de Origen La Vinilla
579777,valkoviinit,Errázuriz Sauvignon Blanc Single Vineyard
534387,valkoviinit,Lapostolle Cuvée Alexandre Chardonnay
539017,valkoviinit,Natura Chardonnay
008056,valkoviinit,Tarapacá Reserva Chardonnay
566677,valkoviinit,Yali Wetland Reserva Sauvignon Blanc
572757,valkoviinit,Torres Santa Digna Riesling Reserva
563997,valkoviinit,Nimbus Single Vineyard Chardonnay
553387,valkoviinit,Tarapacá Sauvignon Blanc Chardonnay Viognier
008042,valkoviinit,Carta Vieja Chardonnay
005523,valkoviinit,Antares Chardonnay
008064,valkoviinit,Casillero del Diablo Chardonnay
580643,valkoviinit,Casillero del Diablo Chardonnay
571057,valkoviinit,Casillero del Diablo Sauvignon Blanc
008065,valkoviinit,Cono Sur Tocornal Chardonnay
552867,valkoviinit,Espíritu de Chile Chardonnay Gewürztraminer
580358,valkoviinit,Espíritu de Chile Gewürztraminer Semillon  hanapakkaus
552988,valkoviinit,Espíritu de Chile Selección White  viinipussi
008106,valkoviinit,Frontera Chardonnay
581068,valkoviinit,Frontera Chardonnay 2014 hanapa
008005,valkoviinit,Gato Negro Chardonnay
008021,valkoviinit,Gato Negro Chardonnay 2014 hanapa
580039,valkoviinit,Gato Negro Sauvignon Blanc 2009 kartonkit
008003,valkoviinit,Gato Negro Sauvignon Blanc
008004,valkoviinit,Gato Negro Sauvignon Blanc
580038,valkoviinit,Gato Negro Sauvignon Blanc 2015 hanapa
594598,valkoviinit,Liisa Sauvignon Blanc Muscat  kartonkitölkki
008163,valkoviinit,Luna Negra Chardonnay  hanapakkaus
567838,valkoviinit,Santa Helena Chardonnay 2015 hanapa
567837,valkoviinit,Santa Helena Varietal Chardonnay
008053,valkoviinit,Santa Helena Varietal Sauvignon Blanc
008083,valkoviinit,Santa Rita 120 Chardonnay
567017,valkoviinit,Serenata Chardonnay
008084,valkoviinit,Sunrise Chardonnay
008062,valkoviinit,Sunrise Sauvignon Blanc
008072,valkoviinit,Tarapacá Santa Cecilia Chardonnay
578977,valkoviinit,Tarapacá Santa Cecilia Sauvignon Blanc
522207,valkoviinit,Torres Las Mulas Organic Viognier
545137,valkoviinit,Torres Santa Digna Gewürztraminer Reserva
543297,valkoviinit,Torres Santa Digna Sauvignon Blanc Reserva
588667,valkoviinit,Viña Maipo Chardonnay
588668,valkoviinit,Viña Maipo Chardonnay 2014 hanapa
532677,valkoviinit,Adobe Gewürztraminer Reserva
008052,valkoviinit,Château Los Boldos Sauvignon Blanc
501387,valkoviinit,Yali Wetland Reserva Gewürztraminer
510647,valkoviinit,Anakena Ona Special Reserve Riesling Chardonnay Viognier
575977,valkoviinit,Casa Marin Cartagena Riesling
594677,valkoviinit,Leyda Garuma Vineyard Sauvignon Blanc
587357,valkoviinit,Leyda Sauvignon Blanc Lot 4
549837,valkoviinit,Leyda Sauvignon Gris Kadun Vineyard
576717,valkoviinit,Matetic EQ Organic Chardonnay
510297,valkoviinit,Novas Gran Reserva Sauvignon Blanc
574738,valkoviinit,Santa Carolina Reserva Sauvignon Blanc 2014 hanapa
550557,valkoviinit,Gran Vinum Albariño
523007,valkoviinit,La Liebre y la Tortuga Albariño
572537,valkoviinit,Abadía Retuerta Blanco de Guarda Le Domaine 
502334,valkoviinit,Marques de Riscal Verdejo
523597,valkoviinit,Gramona Xarel.lo Font Jui
551037,valkoviinit,Herencia Altés Garnatxa Blanca
007045,valkoviinit,Raimat Castell de Raimat Chardonnay
593277,valkoviinit,Raventos i Blanc Silencis
582567,valkoviinit,Savia Viva Familia Xarel.lo
514727,valkoviinit,Terraprima Blanco
553787,valkoviinit,Torres Gran Viña Sol Chardonnay
007505,valkoviinit,Torres San Valentin Parellada
575318,valkoviinit,Torres Viña Esmeralda 2013 hanapa
007531,valkoviinit,Torres Viña Esmeralda
575314,valkoviinit,Torres Viña Esmeralda
554547,valkoviinit,Torres Viña Sol
527198,valkoviinit,Cerro Blanco Verdejo Chardonnay  kartonkit
580847,valkoviinit,El Tiempo B
574767,valkoviinit,El Tiempo Sem
502837,valkoviinit,Estrella de Murviedro Friz
008974,valkoviinit,Fiesta del Sol Semi
598837,valkoviinit,Freixenet Mía Blanco
526747,valkoviinit,José Pariente Varietal Verdejo
004331,valkoviinit,Karahvivalko
530558,valkoviinit,Parra Organic Verdejo Chardonnay 2014 viini
529398,valkoviinit,Tierra Nueva Organic 2013 hanapa
007065,valkoviinit,Marqués de Cáceres Satinela
584807,valkoviinit,Muga Blanco
516737,valkoviinit,Bellingham The Bernard Series Old Vine Chenin Blanc
500097,valkoviinit,Bellingham The Bernard Series Whole Bunch Grenache Blanc Viognier
527407,valkoviinit,Diemersdal Estate Sauvignon Blanc Reserve
539348,valkoviinit,Fleur du Cap Organic Sauvignon Blanc 2014 hanapa
555057,valkoviinit,Lions Lair Family Reserve White
550567,valkoviinit,Ostrich Landing Chenin Blanc
518297,valkoviinit,Perdeberg Winery Sauvignon Blanc Semillon
502307,valkoviinit,Stellenbosch Drive Oaked Chenin Blanc
595824,valkoviinit,Thandi Sauvignon Blanc
585828,valkoviinit,Cape Gold Chenin Blanc  hanapa
570698,valkoviinit,Chill Out Crisp&Fresh Chenin Blanc. 2014 viini
515907,valkoviinit,Douglas Green Chenin Blanc
580557,valkoviinit,Drostdy-Hof Chardonnay
525688,valkoviinit,Fairvalley Chenin Blanc Sauvignon Blanc 2014 hanapa
594537,valkoviinit,False Bay Chardonnay
546377,valkoviinit,Footmark Chardonnay Viognier
552078,valkoviinit,Frisky Zebras Sensuous Sauvignon Blanc  kartonkit
592007,valkoviinit,Frisky Zebras Whispering 
513608,valkoviinit,Green Balance 2014 muovi
576407,valkoviinit,Julien Schaal Chardonnay
598437,valkoviinit,Kaya Chardonnay Viognier
583928,valkoviinit,Kumala Chenin Chardonnay 2013 hanapa
587207,valkoviinit,Kumala Colombard Chardonnay
589808,valkoviinit,KWV Chenin Blanc 2014 hanapa
007835,valkoviinit,KWV Classic Collection Chardonnay
523897,valkoviinit,KWV Moscato
562687,valkoviinit,Leo  muovi
534137,valkoviinit,Live-a-Little Wildly Wicked White
584787,valkoviinit,Nederburg Winemaster's Reserve Sauvignon Blanc
008176,valkoviinit,Out of Africa Chardonnay
597918,valkoviinit,Palesa Chenin Blanc 2015 viini
007742,valkoviinit,Pearly Bay Dry 
577428,valkoviinit,Pearly Bay Dry White  hanapa
008165,valkoviinit,Pebble Park Chardonnay  hanapa
512477,valkoviinit,Pecan Stream Sauvignon Blanc
525678,valkoviinit,Rain Dance Chenin Blanc  hanapa
512747,valkoviinit,Saam Mountain Chenin Blanc Muscat d'Alexandrie
585177,valkoviinit,Spier Inspire Chardonnay
008166,valkoviinit,Stony Cape Chenin Blanc  hanapa
581667,valkoviinit,Stony Cape Chenin Blanc
593007,valkoviinit,Sutherland Riesling
535388,valkoviinit,Thandi Chardonnay Chenin Blanc 2014 hanapa
580158,valkoviinit,Two Oceans Fresh & Fruity White 2015 hanapa
591068,valkoviinit,Two Oceans Pinot Grigio 2014 viini
558948,valkoviinit,Two Oceans Sauvignon Blanc 2015 hanapa
554637,valkoviinit,Versus White
575677,valkoviinit,Tbilvino Rkatsiteli
578707,valkoviinit,Barkan Classic Chardonnay
586757,valkoviinit,Enrico Serafino Gavi del Comune di Gavi
574097,valkoviinit,Canaletto Chardonnay Verdeca
008016,valkoviinit,Pasqua Chardonnay
598357,valkoviinit,Cà Bruciata Romagna Albana Secco
008316,valkoviinit,Lambrusco Bianco dell'E
008325,valkoviinit,Collavini Chardonnay dei Sassi Cavi
585357,valkoviinit,Collavini Villa Canlungo Pinot Grigio
505087,valkoviinit,San Simone Prestige Sauvignon
008461,valkoviinit,Bigi Est! Est!! Est!!!
007003,valkoviinit,Fontana di Papa
540827,valkoviinit,Gotto d'Oro Frascati Secco
532657,valkoviinit,Bucci Verdicchio dei Castelli di Jesi Classico Superiore
583257,valkoviinit,Villa Bianchi Verdicchio dei Castelli di Jesi Classico
582178,valkoviinit,Albero Chardonnay  kartonkit
549877,valkoviinit,Cavit Sanvigilio Pinot Grigio
502297,valkoviinit,Mastroberardino Fiano di Avellino
512417,valkoviinit,Mastroberardino NovaSerra Greco di Tufo
581577,valkoviinit,Pino Pino Vino Frizzante Pinot
576057,valkoviinit,Rocca del Dragone Falanghina
528427,valkoviinit,Triade della Campania
008384,valkoviinit,Zonin Frizzantino Am
572377,valkoviinit,La Luciana Gavi
596517,valkoviinit,Sergio Roero Arneis
500708,valkoviinit,Corallo Grillo  hanapa
593607,valkoviinit,Filippo Grasso Ànemos Etna Bianco
597887,valkoviinit,Gazzera Pinot Grigio Moscato Organic
549807,valkoviinit,Inycon Grillo Viognier Organic
573877,valkoviinit,Lamura Grillo
552158,valkoviinit,Montalto Cataratto Viognier 2014 hanapa
584667,valkoviinit,Montalto Grillo Sauvignon Blanc
536818,valkoviinit,Montalto Pinot Grigio 2014 muovi
008225,valkoviinit,Santagostino Catarratto Chardonnay 2013 hanapa
519747,valkoviinit,Tannu Organic Insolia
513027,valkoviinit,Belgvardo Vermentino
008212,valkoviinit,Ruffino Libaio Chardonnay
008341,valkoviinit,Villa Antinori Bianco
568927,valkoviinit,Cantina Terlan Terlaner Classico
008413,valkoviinit,Cavit Sanvigilio Chardonnay
008422,valkoviinit,Cavit Sanvigilio Chardonnay
008433,valkoviinit,Mezzacorona Gewürztraminer
511207,valkoviinit,Pinot Grigio St. Magdalena
510127,valkoviinit,Terlan Nova Domus Riserva
526407,valkoviinit,Terlan Nova Domus Riserva
545537,valkoviinit,Terlan Quarz Sauvignon
561577,valkoviinit,Terlan Quarz Sauvignon
512577,valkoviinit,Terlaner I Grande Cuvée
545127,valkoviinit,Weisshaus Pinot Bianco
008351,valkoviinit,Ruffino Orvieto Classico
501837,valkoviinit,Terre di Faiano Grechetto
008242,valkoviinit,Anselmi San Vincenzo
008323,valkoviinit,Botter Pinot Bianco
583237,valkoviinit,Botter Pinot Bianco
548937,valkoviinit,Custoza Terre in Fiore Organic
004906,valkoviinit,Eleganza 
555797,valkoviinit,Il Sole Organic Garganella
008485,valkoviinit,La Marca Pro
008365,valkoviinit,Lamberti Pinot Grigio
008234,valkoviinit,Lugana San Benedetto
551254,valkoviinit,Mannara Pinot Grigio
008224,valkoviinit,Masi Modello delle Venezie Bianco
008496,valkoviinit,Pasqua Pro
571267,valkoviinit,Pieropan La Rocca
579007,valkoviinit,Pinot Grigio Garda
533097,valkoviinit,Sartori Marani Appassimento
523157,valkoviinit,Si Soave
008226,valkoviinit,Verduzzo delle Venezie
588368,valkoviinit,Villa Anna Bianco  hanapa
004951,valkoviinit,Villa Anna 
590387,valkoviinit,Zenato Pinot Grigio
008282,valkoviinit,Zenato Soave Classico
505247,valkoviinit,Meinklang Grüner Veltliner
553427,valkoviinit,Mayer Wiener Gemischter Satz
583807,valkoviinit,Tement Morillon Muschelkalk
511807,valkoviinit,Tement Welschriesling Klassik
515937,valkoviinit,Wohlmuth Gola Pinot Blanc
555927,valkoviinit,Wohlmuth Sauvignon Blanc Klassik
577837,valkoviinit,Biohof Pratsch Grüner Veltliner
513367,valkoviinit,Bründlmayer Riesling Steinmassel
597307,valkoviinit,Domäne Wachau Neuburger Federspiel Terrassen
568977,valkoviinit,Felsner Lössterrassen Grüner Veltliner
541597,valkoviinit,Jamek Jochinger Berg Riesling Federspiel
582337,valkoviinit,Johanneshof Reinisch Zierfandler
556557,valkoviinit,Josef Dockner Gelber Muskateller Göttweiger Berg
571507,valkoviinit,Jurtschitsch Platin Riesling
552587,valkoviinit,Kamptal Reserve Loisiumweingarten Grüner Veltliner
597947,valkoviinit,Leindl Irrbling Riesling Reserve
562037,valkoviinit,Leth Duett Riesling & Veltliner
598557,valkoviinit,Leth Simply Wow!
527317,valkoviinit,Loimer Loiserberg Grüner Veltliner
590147,valkoviinit,Malat Riesling Kellergärten
501577,valkoviinit,Nigl Sauvignon Blanc
599634,valkoviinit,Rabl Grüner Veltliner
536468,valkoviinit,Selektion Grüner Veltliner 2014 hanapa
599447,valkoviinit,Sepp Moser Grüner Veltliner Gebling
521987,valkoviinit,Steininger Riesling
526027,valkoviinit,Steinschaden Grüner Veltliner Riede Stein
581437,valkoviinit,Henry of Pelham Estate Chardonnay
547637,valkoviinit,Assyrtiko
566687,valkoviinit,Retsina Lafa
008481,valkoviinit,Retsina Tsa
548697,valkoviinit,Thalassitis
542617,valkoviinit,Veralda Istarska Malvazija Prestige
522847,valkoviinit,Château Ksara Blanc de Blancs
550967,valkoviinit,Bernard-Massard Auxerrois
563227,valkoviinit,Vinsmoselle Pinot Blanc Côteaux de Schengen
584387,valkoviinit,Château Vartely Sauvignon Blanc
534127,valkoviinit,Adega de Pegões Colheita Seleccionada
599477,valkoviinit,Carm Branco
008361,valkoviinit,Casal G
595077,valkoviinit,Ciconia Antão Vaz Roupeiro
007196,valkoviinit,
543877,valkoviinit,G
561147,valkoviinit,Morgadio da Torre Alvarinho Vinho Verde
528567,valkoviinit,Pato Frio Selecção
523937,valkoviinit,Torre de Azevedo
552227,valkoviinit,Vinha do Rosario
509937,valkoviinit,A360P Pinot Gris Grand Cru Muenchberg
008121,valkoviinit,André Stentz Riesling
571067,valkoviinit,Cuvée Jean-Baptiste Riesling Letzenberg
546113,valkoviinit,Cuvée René Dopff Riesling
536197,valkoviinit,Domaine Ostertag Fronholz Riesling
587327,valkoviinit,Domaine Ostertag Muenchberg Riesling
007363,valkoviinit,Domaine Zinck Riesling Prestige
573527,valkoviinit,Dopff & Irion Cuvée René Dopff Muscat
007561,valkoviinit,Dopff Riesling Cuvée Europe
007483,valkoviinit,Gentil 'Hugel'
526087,valkoviinit,Gewurztraminer 'Hugel'
579337,valkoviinit,Gisselbrecht Gewurztraminer Tradition
591987,valkoviinit,Gisselbrecht Riesling Grand Cru Muenchberg
544397,valkoviinit,Gisselbrecht Riesling Tradition
514937,valkoviinit,Gustave Lorentz Sylvaner Réserve
560327,valkoviinit,Jean Biecher Réserve Riesling
509877,valkoviinit,Jean-Baptiste Adam Pinot Gris Réserve
504517,valkoviinit,Josmeyer Pinot Gris Grand Cru Brand
589427,valkoviinit,Léon Beyer Gewurztraminer Réserve
576207,valkoviinit,Léon Beyer Riesling
579957,valkoviinit,Pfaff Pinot Blanc
007485,valkoviinit,Pfaff Pinot Gris
007296,valkoviinit,Pfaff Special
526437,valkoviinit,Pfaffenheim Black Tie
589087,valkoviinit,Pierre Sparr One
007501,valkoviinit,Pierre Sparr Rayon d'Alsace Edelzwicker
007422,valkoviinit,Pinot Blanc Klevner Réserve
007291,valkoviinit,Riesling Lieu-Dit Muehlforst
571257,valkoviinit,Trimbach Pinot Gris Réserve
588587,valkoviinit,Trimbach Riesling Réserve
597157,valkoviinit,Wolfberger (W)_
571937,valkoviinit,Wolfberger Muscat
572407,valkoviinit,Wolfberger Riesling
576944,valkoviinit,Wolfberger Riesling-Pinot Gris
576947,valkoviinit,Wolfberger Riesling-Pinot Gris
550717,valkoviinit,Aile D'Argent
592997,valkoviinit,Clos Nardian
007241,valkoviinit,Coulée
528347,valkoviinit,La Croix Beaucourt Sauvignon Blanc
007221,valkoviinit,Le Cardinal Cr
514357,valkoviinit,Valandraud Blanc
569294,valkoviinit,Albert Bichot Saint-Véran
577307,valkoviinit,Blason de Bourgogne Mâcon-Villages
562727,valkoviinit,Bouchard Hautes-Côtes de Beaune 'Les Prieurés'
007682,valkoviinit,Brocard Chablis 1er Cru Montée de Tonnerre
553487,valkoviinit,Brocard Chablis Sainte Claire Organic
007961,valkoviinit,Chablis Marouettes
566424,valkoviinit,Château de Viviers Chablis
512237,valkoviinit,Domaine Joblot Givry 1er Cru Servoisine
585597,valkoviinit,Domaine Laroche Chablis 1er Cru Les Vaudevey
516907,valkoviinit,Henri de Villamont Chassagne-Montrachet
571367,valkoviinit,J. Moreau & Fils Chablis
574697,valkoviinit,Jean-Marc Brocard Saint-Bris Sauvignon Domaine Sainte Claire
500847,valkoviinit,Joseph Drouhin Corton-Charlemagne Grand Cru
008142,valkoviinit,Joseph Drouhin Laforet Bourgogne Chardonnay
573407,valkoviinit,Joseph Drouhin Rully
572567,valkoviinit,La Chablisienne Chablis Grand Cru Les Preuses
586717,valkoviinit,La Chablisienne Chablis 'le finage'
510217,valkoviinit,La Soufrandise Pouilly-Fuissé Vieilles Vignes
006436,valkoviinit,La Vignée Bourgogne Chardonnay
562467,valkoviinit,Labouré-Roi Montagny 1er Cru
518088,valkoviinit,Laroche Chablis 2014 hanapa
007973,valkoviinit,Laroche Chablis La Jouchère
007496,valkoviinit,Laroche Petit Chablis
549167,valkoviinit,Le Domaine d´Henri Chablis 1er Cru Fourchaume Vieilles Vignes
520417,valkoviinit,Le Domaine d´Henri Chablis
587607,valkoviinit,Louis Max Beaucharme Chardonnay
555507,valkoviinit,Moreau Chablis Premier Cru Mont de Milieu
578487,valkoviinit,Olivier Leflaive Chassagne-Montrachet
572557,valkoviinit,Petit Chablis le Donjon des Eschofiers
507007,valkoviinit,Pierre Ponnelle Saint-Romain
533397,valkoviinit,Pouilly-Fuissé Clos des Quarts Monopole
509347,valkoviinit,Seguin-Manuel Puligny-Montrachet Vieilles Vignes
538127,valkoviinit,Vincent Sauvestre Meursault
007175,valkoviinit,Domaine Les Salices Viognier
533947,valkoviinit,Gérard Bertrand Terroir Picpoul de Pinet
530278,valkoviinit,Greener Planet Marsanne Chardonnay 2012 muovi
549587,valkoviinit,Hob Nob Chardonnay
007133,valkoviinit,J.P. Chenet Medium Sweet
008132,valkoviinit,J.P. Chenet Medium Sweet
582218,valkoviinit,Jeanjean Chardonnay 2014 hanapa
531498,valkoviinit,La Noria Organic Sauvignon Blanc 2014 viini
007293,valkoviinit,Laroche Chardonnay L
572948,valkoviinit,Laroche Chardonnay L 2014 hanapa
007331,valkoviinit,Laroche La Chevalière Cuvée Boisée Chardonnay
007345,valkoviinit,Laroche La Chevalière Sauvignon Blanc
007395,valkoviinit,Le Cardinal Chard
573778,valkoviinit,Le Cop Organic Muscat Viognier 2014 viini
531073,valkoviinit,Mango Fango Chardonnay 2013 muovi
533967,valkoviinit,Reserve Naturelle Prestige Chardonnay
565157,valkoviinit,Domaine Franck Millet Sancerre
589457,valkoviinit,Henri Bourgeois Pouilly-Fumé En Travertin
552907,valkoviinit,Henri Bourgeois Sancerre La Chapelle des Augustins
007681,valkoviinit,Joseph Mellot Pouilly-Fumé La Forge
582527,valkoviinit,La Sancive Muscadet Sèvre et Maine Sur Lie
007952,valkoviinit,Mellot Sancerre La Chatellenie
574887,valkoviinit,Pascal Jolivet Sancerre Blanc
570617,valkoviinit,Petit Bourgeois Sauvignon Blanc
007382,valkoviinit,Pouilly-Fumé de Ladoucette
579677,valkoviinit,Château de la Jaubertie
007295,valkoviinit,J. P. Chenet Colombard-Chardonnay
007206,valkoviinit,J. P. Chenet Colombard-Chardonnay
572958,valkoviinit,J. P. Chenet Colombard-Chardonnay 2014 hanapa
520597,valkoviinit,Plaimont Sauvignon
571568,valkoviinit,Prins Oliver Colombard Sauvignon  hanapa
576527,valkoviinit,Chatonnière Chardonnay
509457,valkoviinit,Douce Nature Organic Chardonnay 2014 muovi
513427,valkoviinit,Douce Nature Organic Sauvignon Blanc 2014 muovi
584497,valkoviinit,J.P. Chenet Sauvignon Blanc
593227,valkoviinit,La Petite Perriere Sauvignon
506137,valkoviinit,Les Fumées Blanches Sauvignon Blanc
560638,valkoviinit,Les Fumées Blanches Sauvignon Blanc 2014 hanapa
524247,valkoviinit,Les Parelles Côtes du Jura Chardonnay
008188,valkoviinit,L
595507,valkoviinit,Belleruche Blanc
588617,valkoviinit,Chapoutier Ermitage de l'Orée
573867,valkoviinit,Chapoutier Ermitage Le Méal Blanc
560397,valkoviinit,Chapoutier Ermitage l'Ermite Blanc
573277,valkoviinit,La Vieille Ferme Blanc
544137,valkoviinit,La Revedere Feteasca Regala
592277,valkoviinit,Murfatlar Late Harvest Chard
529487,valkoviinit,Bürgerspital Würzburger Pfaffenberg Silvaner Trocken
524667,valkoviinit,Blitz Riesling
543897,valkoviinit,Brauneberg Juffer Sonnenuhr Riesling Trocken GG
514287,valkoviinit,Brauneberger Juffer Sonnenuhr Riesling  GG 2011
503377,valkoviinit,Carl Loewen Quant Riesling
564567,valkoviinit,Dr. Hermann Erdener Treppchen Riesling Kabinett
501097,valkoviinit,Grans-Fassian Apotheke Riesling GG
564838,valkoviinit,Kirschner Mosel Riesling 2012 hanapa
007651,valkoviinit,Königsmosel Riesling
546778,valkoviinit,Mosel White Wine 2014 hanapa
570067,valkoviinit,Moselland Ars Vitis Riesling
007665,valkoviinit,Moselland Riesling Kabinett
007185,valkoviinit,Moselland Riesling Kabinett 2014 hanapa
007695,valkoviinit,Moselland Riesling Trocken
595688,valkoviinit,Niedeberg Helden Riesling GG
550487,valkoviinit,Schloss Lieser Niedeberg Helden Auslese
558218,valkoviinit,Blue Bag 2011 viini
509807,valkoviinit,Erlenbacher Kayberg Riesling
536508,valkoviinit,Festivo Riesling  kartonkit
549947,valkoviinit,Bereich Nahetal
508747,valkoviinit,Korrell Riesling vom Tonmergel
521607,valkoviinit,Rüdesheimer Rosengarten
555567,valkoviinit,Anselmann Riesling Classic
537507,valkoviinit,Anselmann Weißburgunder Trocken
587777,valkoviinit,Black Tower Classic Riesling
596147,valkoviinit,Black Tower Riesling Gewürztraminer
576948,valkoviinit,Devil's Rock Riesling  hanapa
007694,valkoviinit,Devil's Rock Riesling
540227,valkoviinit,Dr. von Bassermann-Jordan Grauer Burgunder
007675,valkoviinit,Kendermanns Classic Riesling
007781,valkoviinit,Lind Gewürztraminer Trocken
567904,valkoviinit,Max Mann Riesling
502977,valkoviinit,Neiss Pinot Grigio Trocken
560007,valkoviinit,Nett Sauvignon Blanc
007882,valkoviinit,Zimmermann-Graeff Classic Riesling
548858,valkoviinit,50° Riesling 2014 hanapa
514597,valkoviinit,Georg Breuer Terra Montosa Rheingau Riesling
588234,valkoviinit,Kloster Eberbach Riesling Trocken
543037,valkoviinit,Schloss Schönborn Hattenheim Pfaffenberg Riesling
554127,valkoviinit,Schloss Schönborn Rheingau Riesling Trocken
548217,valkoviinit,Von Unserm' Rheingau Riesling Trocken
580247,valkoviinit,Baron Heyl Estate Riesling
522798,valkoviinit,Black Tower Dry Riesling  hanapa
007352,valkoviinit,Black Tower Hedgerow Organic White Wine
007932,valkoviinit,Black Tower Rivaner 2012 hanapa
007934,valkoviinit,Black Tower Rivaner
008088,valkoviinit,Blue Nun  hanapa
008086,valkoviinit,Blue Nun
538407,valkoviinit,Deep Roots Riesling Trocken
577607,valkoviinit,Devil's Rock Pinot Grigio
518307,valkoviinit,Green Soul Riesling
598417,valkoviinit,Greenleaf Organic Riesling
583347,valkoviinit,Kendermanns Organic
560467,valkoviinit,Kühling-Gillot Oppenheim Riesling Trocken
004911,valkoviinit,Liebfrau
007316,valkoviinit,Liebfraumilch Marienglöckchen
580188,valkoviinit,Rhine Lady 2011 hanapa
502577,valkoviinit,Sommelier Selection Pinot Grigio Riesling
007733,valkoviinit,St. Ursula Ornament Organic
535478,valkoviinit,Tausendhügel Dry Riesling 2014 hanapa
511447,valkoviinit,Château Belá Riesling
515507,valkoviinit,Pullus Sauvignon
004971,valkoviinit,Ri
503717,valkoviinit,Hurlevent Heida
547097,valkoviinit,Jolicoeur
567907,valkoviinit,Bird's Tree
004981,valkoviinit,Magyar Fehé
549818,valkoviinit,Magyar Fehér Bor  hanapa
505057,valkoviinit,Pannonhalmi Tricollis
599427,valkoviinit,St. Stephan's Crown Grüner Veltliner
598027,valkoviinit,Oremus Mandolás Tokaji Dry
556247,valkoviinit,Cloudy Bay Sauvignon Blanc
593467,valkoviinit,Craggy Range Te Muna Road Vineyard Sauvignon Blanc
572427,valkoviinit,Fernway Sauvignon Blanc
586067,valkoviinit,Jackson Estate Stich Sauvignon Blanc
579137,valkoviinit,Little Beauty Black Edition Pinot Gris
543598,valkoviinit,Matua Sauvignon Blanc 2014 hanapa
569227,valkoviinit,Mud House Marlborough Sauvignon Blanc
551987,valkoviinit,Old Coach Road Unoaked Chardonnay
501427,valkoviinit,Saint Clair Pioneer Block Sawcut Chardonnay
568487,valkoviinit,Sileni Cellar Selection Pinot Gris
519767,valkoviinit,Sileni The Lodge Chardonnay
599237,valkoviinit,Spy Valley Gewürztraminer
539947,valkoviinit,Spy Valley Riesling
533637,valkoviinit,Squealing Pig Sauvignon Blanc 2014 muovi
588697,valkoviinit,Staete Landt Josephine Chardonnay
545277,valkoviinit,Te Kairanga Pinot Gris
527747,valkoviinit,Vicarage Lane Marlborough Sauvignon Blanc
520827,valkoviinit,Villa Maria Cellar Selection Riesling
516387,valkoviinit,Villa Maria Cellar Selection Sauvignon Gris
544404,valkoviinit,Villa Maria Private Bin Organic Sauvignon Blanc
582867,valkoviinit,Villa Maria Wairau Valley Sauvignon Blanc Reserve
596487,valkoviinit,Yealands Estate Single Vineyard P.G.R.
503858,valkoviinit,FlipFlop Californian White 2013 kartonkit
580407,valkoviinit,Beringer Chardonnay
516182,valkoviinit,Blossom Hill Winemaker’s Reserve Chard
543757,valkoviinit,Byron Nielson Vineyard Chardonnay
574297,valkoviinit,California G
574298,valkoviinit,California Garden  hanapa
553908,valkoviinit,Calitopia Chardonnay  viini
596297,valkoviinit,Calitopia Riesling Muscat
528737,valkoviinit,Cambria Tepusquet Vineyard Viognier
525417,valkoviinit,Chateau St Jean Chardonnay
550207,valkoviinit,District 7 Sauvignon Blanc
555867,valkoviinit,Jekel Gravelstone Chardonnay
595797,valkoviinit,Marimar Estate Don Miguel Vineyard Chardonnay Dobles Lías
572158,valkoviinit,Paul Masson California White  hanapa
004366,valkoviinit,St. Elmo Vi
543668,valkoviinit,St. Elmo Village  hanapa
007526,valkoviinit,Turning Leaf Chardonnay
517047,valkoviinit,Rainstorm Pinot Gris
505377,valkoviinit,Eufloria
543697,valkoviinit,K Vinters Viognier
516277,valkoviinit,Kungfu Girl Riesling
659918,hedelmä- ja aromatisoidut viinit,Peñasol Sangria  kartonkit
614347,hedelmä- ja aromatisoidut viinit,Le P'tit Fruité Rosé Grape
328997,hedelmä- ja aromatisoidut viinit,Chymos Ka
002623,hedelmä- ja aromatisoidut viinit,Chymos Kir
002763,hedelmä- ja aromatisoidut viinit,Chymos Man
002583,hedelmä- ja aromatisoidut viinit,Chymos Mustahe
002753,hedelmä- ja aromatisoidut viinit,Chymos Mus
002793,hedelmä- ja aromatisoidut viinit,Chymos Ruska Väkevä Puolukka
002687,hedelmä- ja aromatisoidut viinit,Chymos Suomuurain 
322077,hedelmä- ja aromatisoidut viinit,Chymos 
385567,hedelmä- ja aromatisoidut viinit,Chymos Vadelma Kimara  muovi
318497,hedelmä- ja aromatisoidut viinit,Chymos Väkevä Päärynäviini  muovi
609097,hedelmä- ja aromatisoidut viinit,Helmeilevä Karpaloviini  muovi
643137,hedelmä- ja aromatisoidut viinit,Helmeilevä Omenaviini  muovi
671817,hedelmä- ja aromatisoidut viinit,Helmeilevä Päärynäviini  muovi
692087,hedelmä- ja aromatisoidut viinit,Helmeilevä Vadelma-mustikkaviini  muovi
003732,hedelmä- ja aromatisoidut viinit,Huttunen Hedelmävalkoviini  kartonkit
603107,hedelmä- ja aromatisoidut viinit,Keurusseudun Marja Valkoherukka
652487,hedelmä- ja aromatisoidut viinit,Koskenvarsi Marjapuna
308967,hedelmä- ja aromatisoidut viinit,Lakka Väkevä 
383877,hedelmä- ja aromatisoidut viinit,Last Mango  muovi
314148,hedelmä- ja aromatisoidut viinit,Last Passionfruit  kartonkit
389467,hedelmä- ja aromatisoidut viinit,Last Pineapple  muovi
372097,hedelmä- ja aromatisoidut viinit,Mansikka Väkevä Viini  muovi
386927,hedelmä- ja aromatisoidut viinit,Mustaherukka Väkevä Viini  muovi
622537,hedelmä- ja aromatisoidut viinit,Omppu Helmeilevä Omenaviini  muovi
630627,hedelmä- ja aromatisoidut viinit,Punaisen Tuvan K
367657,hedelmä- ja aromatisoidut viinit,Vadelma Väkevä Viini  muovi
313457,hedelmä- ja aromatisoidut viinit,Kirsberry Cherry Speci
381547,portviinit,Barros Porto Colheita
312064,portviinit,Burmester 20 Years Old 
376607,portviinit,Burmester Colheita
330403,portviinit,Churchill's Reserve
003181,portviinit,Conde de Monsul 
360127,portviinit,Dow's Colheita Single Harvest Tawny Port
334736,portviinit,Dow's Nirvana Reserve
340797,portviinit,Dow's Trademark Finest Reserve
003286,portviinit,Ferreira Late Bottled Vintage
263587,portviinit,Fonseca Vintage Port
350927,portviinit,Graham's Crusted
003295,portviinit,Graham's Late Bottled Vintage Port
329331,portviinit,Graham's Late Bottled Vintage Port
373847,portviinit,Graham's Natura Reserve
347904,portviinit,Graham's Quinta dos Malvedos Vintage Port
354677,portviinit,Graham's Vintage Port
340447,portviinit,Kopke 30 Years Old
328507,portviinit,Krohn Lágrima Fine White
377727,portviinit,Niepoort Dry White
003235,portviinit,Niepoort
003211,portviinit,Old In
228287,portviinit,Quinta do Noval Vintage Port
345077,portviinit,Smith Woodhouse Late Bottled Vintage Port
334517,portviinit,Taylor's 10 Year Old Tawny
321674,portviinit,Taylor's Late Bottled Vintage Port
251897,portviinit,Taylor's Vintage Port
455017,punaviinit,Jacob's Creek UnVined Shiraz
448427,punaviinit,Eminasin Tempra
429674,punaviinit,Torres Natureo Free Syrah
476567,punaviinit,Bonne Nouvelle M
468977,punaviinit,Barrels and Drums Merlot Alcohol
538067,valkoviinit,Jacob's Creek UnVined Riesling
525437,valkoviinit,Eminasin Ve
531384,valkoviinit,Torres Natureo Free
562927,valkoviinit,Barrels and Drums Chardonnay Alcohol
521577,valkoviinit,Schloss Sommerau White Alkoho
558987,kuohuviinit & samppanjat,Alma 4 Pinot Rosé Brut Nature
555577,kuohuviinit & samppanjat,Finca Las Moras Rosé Syrah & Vio
008219,kuohuviinit & samppanjat,Carrington Vintage Brut
511387,kuohuviinit & samppanjat,De Bortoli DB Sparkling
581897,kuohuviinit & samppanjat,Jacob's Creek Chardonnay Pinot Noir
598817,kuohuviinit & samppanjat,Jansz Premium Cuvée
567967,kuohuviinit & samppanjat,Lindemans Cawarra
580867,kuohuviinit & samppanjat,Taltarni Brut Taché
529077,kuohuviinit & samppanjat,Yellowglen Pin
548407,kuohuviinit & samppanjat,Cono Sur
563967,kuohuviinit & samppanjat,Fr
563963,kuohuviinit & samppanjat,Fr
646637,kuohuviinit & samppanjat,NVY Passion 
575517,kuohuviinit & samppanjat,Tarapacá Brut Sparkling
561157,kuohuviinit & samppanjat,Torres Santa Digna Estelado Rosé
500427,kuohuviinit & samppanjat,Undurraga Royal
563917,kuohuviinit & samppanjat,Balfour 1503 Classic Cuvée
516127,kuohuviinit & samppanjat,Balfour Rosé 150
570647,kuohuviinit & samppanjat,1+1=3 Cava
553597,kuohuviinit & samppanjat,A
505457,kuohuviinit & samppanjat,Anna de Codorníu Cava
508777,kuohuviinit & samppanjat,Blossom Cava
505507,kuohuviinit & samppanjat,BonAval Cava Semi
538677,kuohuviinit & samppanjat,Campo Viejo Reserva Cava
583887,kuohuviinit & samppanjat,Can Vendrell Cava
008971,kuohuviinit & samppanjat,Castellblanc Cava
551494,kuohuviinit & samppanjat,Castellblanc Rosado Cava
528017,kuohuviinit & samppanjat,Castellblanc Rosado Cava Semi
008912,kuohuviinit & samppanjat,Codorníu Clasico Cav
589113,kuohuviinit & samppanjat,Codorníu Clasico Cav
008911,kuohuviinit & samppanjat,Codorníu Clásico Cav
509947,kuohuviinit & samppanjat,Codorniu Ecológica Cava Semi
008914,kuohuviinit & samppanjat,Codorníu Selección Raventos Cava
587077,kuohuviinit & samppanjat,Codorníu Selección Raventós Pinot Noir
534527,kuohuviinit & samppanjat,Faustino Cava Extra
008966,kuohuviinit & samppanjat,Freixenet Carta Nevada Cava Semi
008965,kuohuviinit & samppanjat,Freixenet Carta Nevada Cava Semi
008961,kuohuviinit & samppanjat,Freixenet Cordon Negro Cava
008963,kuohuviinit & samppanjat,Freixenet Cordon Negro Cava
008964,kuohuviinit & samppanjat,Freixenet Cordon Negro Cava
517147,kuohuviinit & samppanjat,Freixenet Cordon Rosado Cava
517143,kuohuviinit & samppanjat,Freixenet Cordon Rosado Cava
531257,kuohuviinit & samppanjat,Freixenet Elyssia Gran Cuvée Cava
541513,kuohuviinit & samppanjat,Freixenet Mia Mo
008512,kuohuviinit & samppanjat,Freixenet Vintage Reserva Cava Brut Nature
542787,kuohuviinit & samppanjat,Gramona Imperial Gran Reserva Brut
552097,kuohuviinit & samppanjat,Jaume Serra Cava
520513,kuohuviinit & samppanjat,Jaume Serra Cava Brut N
537827,kuohuviinit & samppanjat,Juvé y Camps Reserva de la Familia Gran Reserva Brut Nature
550007,kuohuviinit & samppanjat,Marqués de Monistrol Selección Especial Cava Semi
567437,kuohuviinit & samppanjat,Mas de la Sabatera Chardonnay Cava
535167,kuohuviinit & samppanjat,Mistinguett Vintage Edition Rosé Cava Brut
507347,kuohuviinit & samppanjat,Monistrol Selección Especial Cava
008972,kuohuviinit & samppanjat,Monistrol Winemakers Select Cava Brut
566117,kuohuviinit & samppanjat,Pago de Tharsys Millésime Rosé Reserva Cava Brut
586534,kuohuviinit & samppanjat,Papet del Mas Cava
523737,kuohuviinit & samppanjat,Parés Baltà 'b' Cava
584847,kuohuviinit & samppanjat,Perelada Cuvée Especial Cava Brut Nature
008981,kuohuviinit & samppanjat,Perelada Reserva Cava
537387,kuohuviinit & samppanjat,Platino Pink Mo
503447,kuohuviinit & samppanjat,Recaredo Gran Reserva Cava Brut Nature
673638,kuohuviinit & samppanjat,Sangria Lolailo  hanapa
536747,kuohuviinit & samppanjat,Segura Viudas Lavit Cava Brut Nature
553367,kuohuviinit & samppanjat,Soler-Jové Reserva Cava
594667,kuohuviinit & samppanjat,Sumarroca Gran Reserva Cava Brut Nature
589687,kuohuviinit & samppanjat,Vallformosa Vintage Cava Brut
520867,kuohuviinit & samppanjat,J.C. Le Roux La Fleu
547247,kuohuviinit & samppanjat,KWV Sparkling Ros
522257,kuohuviinit & samppanjat,Nederburg Cuvée
548387,kuohuviinit & samppanjat,Pearly Bay Celebration 
555687,kuohuviinit & samppanjat,Pongrácz Méthode Cap Classique
520977,kuohuviinit & samppanjat,Pongrácz Méthode Cap Classique Rosé
544947,kuohuviinit & samppanjat,Araldica Brachetto d'Acqui 
509597,kuohuviinit & samppanjat,Astoria Prosecco Cuvée Tenuta Val de Brun Extra Dry
008743,kuohuviinit & samppanjat,Beautiful Fruit Fr
534197,kuohuviinit & samppanjat,Bellavista Cuvée Franciacorta
008733,kuohuviinit & samppanjat,Burti La Rose Célébration 
595657,kuohuviinit & samppanjat,Canti Pinot Grigio
590077,kuohuviinit & samppanjat,Canti Raboso Rosé Extr
584687,kuohuviinit & samppanjat,Cinzano Asti 
548687,kuohuviinit & samppanjat,Colonnara Cuvée Tradition Brut
008761,kuohuviinit & samppanjat,Coralba Spu
552007,kuohuviinit & samppanjat,Desiderio Jeio Prosecco
501777,kuohuviinit & samppanjat,Famiglia Olivini Lugana Brut
513627,kuohuviinit & samppanjat,Fantinel Cuvée No 7 Prosecco Extr
559437,kuohuviinit & samppanjat,Fiorellino Prosecco Extr
008901,kuohuviinit & samppanjat,Gancia Asti 
008902,kuohuviinit & samppanjat,Gancia Asti 
008585,kuohuviinit & samppanjat,Gancia Asti 
589013,kuohuviinit & samppanjat,Gancia Asti 
585787,kuohuviinit & samppanjat,Gancia Prosecco
008772,kuohuviinit & samppanjat,La Pieve Pinot Chardonnay
503657,kuohuviinit & samppanjat,PerlApp Extra Dry
524167,kuohuviinit & samppanjat,Perlugo Extra
519647,kuohuviinit & samppanjat,Rotari Riserva Brut
571007,kuohuviinit & samppanjat,Rotari Rosé Brut
571003,kuohuviinit & samppanjat,Rotari Rosé Brut
576137,kuohuviinit & samppanjat,Soligo Prosecco
596087,kuohuviinit & samppanjat,Stefany Prosecco Brut
008776,kuohuviinit & samppanjat,Tosti Asti 
519787,kuohuviinit & samppanjat,Tosti Butterfly Dem
597217,kuohuviinit & samppanjat,Val d'Oca Millesimato Prosecco Extra Dry
537087,kuohuviinit & samppanjat,Verrocchio Prosecco
538714,kuohuviinit & samppanjat,Zonin Prosecco
544037,kuohuviinit & samppanjat,Stift Klosterneuburg Mathäi
573317,kuohuviinit & samppanjat,Szigeti Pinot Noir Rosé Brut
008893,kuohuviinit & samppanjat,Bernard-Massard Cuvée de l'Ecusson
588934,kuohuviinit & samppanjat,Bernard-Massard Cuvée de l'Ecusson
576427,kuohuviinit & samppanjat,Marquês De Marialva Blanc de Blancs Bruto
543717,kuohuviinit & samppanjat,Mateus Sparkling Rosé
008924,kuohuviinit & samppanjat,Ballet Brut Carte 
008824,kuohuviinit & samppanjat,Ballet Demi Sec Carte 
008841,kuohuviinit & samppanjat,Ballet Demi-Sec Carte 
008844,kuohuviinit & samppanjat,Café de Paris Blanc de Blancs
008845,kuohuviinit & samppanjat,Chevaliers de Malt
580417,kuohuviinit & samppanjat,Engel Crémant d'Alsace Chardonnay Brut
598777,kuohuviinit & samppanjat,J.P. Chenet Ice Edition Dem
521767,kuohuviinit & samppanjat,J.P. Chenet Rosé Dem
587087,kuohuviinit & samppanjat,Louis Picamelot Chardonnay
583487,kuohuviinit & samppanjat,Morin Crémant de Loire Rosé
008825,kuohuviinit & samppanjat,Muscador Muscat
008854,kuohuviinit & samppanjat,Opéra Blanc de Blancs
008852,kuohuviinit & samppanjat,Opéra Blanc de Blancs
008816,kuohuviinit & samppanjat,Pol Rémy
008796,kuohuviinit & samppanjat,Pol Rémy Dem
008793,kuohuviinit & samppanjat,Pol Rémy Dem
663847,kuohuviinit & samppanjat,Rebelle Rasp
529777,kuohuviinit & samppanjat,Sibelius
557247,kuohuviinit & samppanjat,Willm Crémant d'Alsace Rosé
008505,kuohuviinit & samppanjat,Vincent Chaudray Crémant de Bourgogne
008814,kuohuviinit & samppanjat,Wolfberger Crémant d'Alsace
008863,kuohuviinit & samppanjat,Vouvray Tête de Cuvée Brut
545868,kuohuviinit & samppanjat,Kriter
555847,kuohuviinit & samppanjat,Alexandre Bonnet Perle Rosée
526177,kuohuviinit & samppanjat,Amour de Deutz Brut
537517,kuohuviinit & samppanjat,André Clouet Grande Réserve Blanc de Noirs
568738,kuohuviinit & samppanjat,André Clouet Grande Réserve Blanc de Noirs
597247,kuohuviinit & samppanjat,Ayala Cuvée Perle d’Ayala Millésimé Brut
564344,kuohuviinit & samppanjat,Baron-Fuenté Grande Réserve
564257,kuohuviinit & samppanjat,Besserat de Bellefon Cuvée des Moines Millésime Brut
548517,kuohuviinit & samppanjat,Billecart-Salmon Brut Ré
546118,kuohuviinit & samppanjat,Billecart-Salmon Brut Ré
582897,kuohuviinit & samppanjat,Blondel Premier Cru Carte d'Or
008715,kuohuviinit & samppanjat,Bollinger Special Cuvée
591537,kuohuviinit & samppanjat,Bonnaire Grand Cru Blanc de Blancs Extra
008593,kuohuviinit & samppanjat,Bonnaire Tradition
599497,kuohuviinit & samppanjat,Bruno Paillard Première Cuvée
564737,kuohuviinit & samppanjat,Charles Heidsieck Réserve
597087,kuohuviinit & samppanjat,Charles Mignon Premium Reserve Rosé 1er Cru
008646,kuohuviinit & samppanjat,Cuvée Victoire Brut
592497,kuohuviinit & samppanjat,Cuvée William Deutz Brut Millésime
576557,kuohuviinit & samppanjat,Cuvée William Deutz Rosé
503767,kuohuviinit & samppanjat,De Saint Gall Dem
515777,kuohuviinit & samppanjat,De Saint Gall Rosé
529217,kuohuviinit & samppanjat,Delamotte Blanc de Blancs
555757,kuohuviinit & samppanjat,Delamotte Blanc de Blancs Brut
589407,kuohuviinit & samppanjat,Dom Pérignon Brut
520317,kuohuviinit & samppanjat,Duval-Leroy
583107,kuohuviinit & samppanjat,Duval-Leroy Cuvée Paris
591257,kuohuviinit & samppanjat,Fleury Fleur de l'Europe
570577,kuohuviinit & samppanjat,Gosset Excellence
570573,kuohuviinit & samppanjat,Gosset Excellence
508548,kuohuviinit & samppanjat,Gosset Excellence
554328,kuohuviinit & samppanjat,Gosset Excellence
565548,kuohuviinit & samppanjat,Gosset Grand Millésime Brut
566198,kuohuviinit & samppanjat,Gosset Grand Rosé
562668,kuohuviinit & samppanjat,Gosset Grande Reserve Brut Jer
591308,kuohuviinit & samppanjat,Gosset Grande Reserve Brut M
586423,kuohuviinit & samppanjat,Heidsieck Monopole Blue Top
559863,kuohuviinit & samppanjat,Heidsieck Monopole Rosé Top
521528,kuohuviinit & samppanjat,Irroy Carte d'Or
574184,kuohuviinit & samppanjat,Jacquart Rosé
525777,kuohuviinit & samppanjat,Jacques Selosse Substance
588767,kuohuviinit & samppanjat,Jacquesson Cuvée 738 Extra
513917,kuohuviinit & samppanjat,Jacquesson Dizy - Corne Bautray Brut
513587,kuohuviinit & samppanjat,Jacquesson Dizy Terres Rouges Rosé Extra Brut
008651,kuohuviinit & samppanjat,Jeanmaire Cuvée
008681,kuohuviinit & samppanjat,Lanson Black Label
008664,kuohuviinit & samppanjat,Lanson Gold Label Vintage Brut
585667,kuohuviinit & samppanjat,Lanson Vintage Collection Brut
577028,kuohuviinit & samppanjat,Lanson Vintage Collection Brut Magnum
512447,kuohuviinit & samppanjat,Laurent-Perrier Alexandra Grande Cuvée Rosé Brut
008621,kuohuviinit & samppanjat,Laurent-Perrier
522578,kuohuviinit & samppanjat,Laurent-Perrier Cuvée Rosé
546958,kuohuviinit & samppanjat,Laurent-Perrier Grand Siècle
572378,kuohuviinit & samppanjat,Laurent-Perrier Millésimé Brut
512787,kuohuviinit & samppanjat,Laurent-Perrier Ultra
521488,kuohuviinit & samppanjat,Les Réserves Grand S
542528,kuohuviinit & samppanjat,Les Réserves Grand S
541407,kuohuviinit & samppanjat,Louis Massing Réserve
578457,kuohuviinit & samppanjat,Louis Roederer Brut Pr
563677,kuohuviinit & samppanjat,Louis Roederer Cristal Rosé Brut
562567,kuohuviinit & samppanjat,Louis Roederer Rosé Brut
008783,kuohuviinit & samppanjat,Moët & Chandon Impérial
008782,kuohuviinit & samppanjat,Moët & Chandon Impérial
589057,kuohuviinit & samppanjat,Moët & Chandon Rosé Impérial
008741,kuohuviinit & samppanjat,Mumm Cordon Rouge
008751,kuohuviinit & samppanjat,Mumm Le Dem
536277,kuohuviinit & samppanjat,Nicolas Feuillatte Millésimé Chardonnay Brut
008662,kuohuviinit & samppanjat,Nicolas Feuillatte Réserve
008229,kuohuviinit & samppanjat,Nicolas Feuillatte Réserve
511897,kuohuviinit & samppanjat,Nicolas Feuillatte Rosé
543387,kuohuviinit & samppanjat,Pannier Blanc de Noirs Brut 
512974,kuohuviinit & samppanjat,Pannier Sélection
559607,kuohuviinit & samppanjat,Pascal Doquet Le Mesnil Sur Oger Grand Cru Brut
518647,kuohuviinit & samppanjat,Pol Roger Réserve
578657,kuohuviinit & samppanjat,Pol Roger Rich Dem
502497,kuohuviinit & samppanjat,Roses de Jeanne Les Ursules Brut
577177,kuohuviinit & samppanjat,Ruinart
588547,kuohuviinit & samppanjat,Saint-Maurice
590977,kuohuviinit & samppanjat,Salon Blanc de Blancs Le Mesnil Brut
008616,kuohuviinit & samppanjat,Taittinger Prestige Rosé
515458,kuohuviinit & samppanjat,Taittinger Prestige Rosé
582787,kuohuviinit & samppanjat,Taittinger Réserve
582788,kuohuviinit & samppanjat,Taittinger Réserve
526478,kuohuviinit & samppanjat,Taittinger Réserve Brut, Nebuchadn
502607,kuohuviinit & samppanjat,Thienot La Vigne Aux Gamins
008601,kuohuviinit & samppanjat,Veuve Clicquot
008603,kuohuviinit & samppanjat,Veuve Clicquot
586114,kuohuviinit & samppanjat,Veuve Clicquot
008815,kuohuviinit & samppanjat,Veuve Clicquot Dem
553827,kuohuviinit & samppanjat,Veuve Clicquot La Grande Dame Brut Rosé
008611,kuohuviinit & samppanjat,Veuve Clicquo
513537,kuohuviinit & samppanjat,Barth Riesling
589887,kuohuviinit & samppanjat,Becker-Steinhauer Riesling Sekt Extra Tr
580287,kuohuviinit & samppanjat,Blue Nun Gold Ed
583997,kuohuviinit & samppanjat,Deinhard Mediu
595887,kuohuviinit & samppanjat,Deinhard Rosé de Blanc et Noir Mediu
562197,kuohuviinit & samppanjat,Devil's Rock Rieslin
008702,kuohuviinit & samppanjat,Henkell Brut Vintage
008944,kuohuviinit & samppanjat,Henkell Tr
008941,kuohuviinit & samppanjat,Henkell Trocken Sek
606717,kuohuviinit & samppanjat,Perisecco Limone S
668497,kuohuviinit & samppanjat,Romeo Be
008501,kuohuviinit & samppanjat,Elysée No 1 Dem
008521,kuohuviinit & samppanjat,Elysée Rosé Dem
533977,kuohuviinit & samppanjat,Chapel Hill Chardonnay
008956,kuohuviinit & samppanjat,Törley Charmant Rouge 
008951,kuohuviinit & samppanjat,Törley Sec C
008953,kuohuviinit & samppanjat,Törley Talisman Dem
551837,kuohuviinit & samppanjat,Arcadia
586027,kuohuviinit & samppanjat,Lindauer Cuvée
509507,kuohuviinit & samppanjat,Lindauer
591767,kuohuviinit & samppanjat,Saint Clair Vicar's Choice
532747,kuohuviinit & samppanjat,Abrau-Durso Demi-Sec
509037,kuohuviinit & samppanjat,Barefoot Bubbly Pink Moscato 
548667,kuohuviinit & samppanjat,Korbel
527354,jälkiruokaviinit,Emiliana Late Harvest Organic Sauvignon Blanc 
439554,jälkiruokaviinit,La Garnacha de Hielo
463876,jälkiruokaviinit,Ètim Verema Tardana
567847,jälkiruokaviinit,Canti Moscato d'Asti
557844,jälkiruokaviinit,La Caliera Moscato d'Asti
564324,jälkiruokaviinit,NES Passito di Pantelleria
479804,jälkiruokaviinit,Avignonesi Occhio di Pernice Vin Santo di Montepulciano
535404,jälkiruokaviinit,Avignonesi Vin Santo di Montepulciano
554584,jälkiruokaviinit,Sangallo Vinsanto di Montepulciano
591644,jälkiruokaviinit,TreRose Vin Santo di Montepulciano
439346,jälkiruokaviinit,Domini Veneti Recioto della Valpolicella
508204,jälkiruokaviinit,Kracher Traminer Auslese
007922,jälkiruokaviinit,Lenz Moser Prestige Trockenbeerenauslese
558624,jälkiruokaviinit,Samos Nectar
584427,jälkiruokaviinit,Trimbach Gewurztraminer Selection de Grains Nobles
561964,jälkiruokaviinit,Château d'Arche
542177,jälkiruokaviinit,Château de Rayne Vigneau
516804,jälkiruokaviinit,Château Doisy-Védrines
549957,jälkiruokaviinit,Château d'Yquem
574504,jälkiruokaviinit,Château Guiraud
551734,jälkiruokaviinit,Château La Tour Blanche
516647,jälkiruokaviinit,Château La Tour Blanche
577404,jälkiruokaviinit,Château La Tour Blanche
513667,jälkiruokaviinit,Château Nairac
513657,jälkiruokaviinit,Château Rieussec
502247,jälkiruokaviinit,Château Rieussec
502594,jälkiruokaviinit,Château Rieussec
502967,jälkiruokaviinit,Château Suduiraut
511414,jälkiruokaviinit,Château Suduiraut
556794,jälkiruokaviinit,Blaxsta Vingård Cabernet Franc Icewine
512884,jälkiruokaviinit,Dr. Loosen Erdener Prälat Riesling Auslese
557004,jälkiruokaviinit,Mülheimer Helenenkloster Riesling Eiswein
596144,jälkiruokaviinit,Winzerverein Deidesheim Herrgottsacker Riesling Auslese
541537,jälkiruokaviinit,Kloster Eberbach Rauenthaler Baiken Rheingau Riesling Spätlese
508514,jälkiruokaviinit,Louis Guntrum Silvaner Eiswein
654317,jälkiruokaviinit,Rönnvik
519056,jälkiruokaviinit,Puklus Pinceszet Tokaji Aszu 5 Puttonyos
516676,jälkiruokaviinit,Tokaji Aszu 4 Puttonyos